loading token cache /workspace/token-cache/train-9857d1bba98bafb5.npy
examples=808000 steps_per_epoch=25250 cot_tokens=47 steps_per_removed_token=3156
epoch=0 step=100 scheduled_removal=0/47 loss=0.035642 steps_per_second=11.10
epoch=0 step=200 scheduled_removal=0/47 loss=0.019965 steps_per_second=11.75
epoch=0 step=300 scheduled_removal=0/47 loss=0.014045 steps_per_second=11.76
epoch=0 step=400 scheduled_removal=0/47 loss=0.012202 steps_per_second=11.78
epoch=0 step=500 scheduled_removal=0/47 loss=0.013238 steps_per_second=11.77
epoch=0 step=600 scheduled_removal=0/47 loss=0.010144 steps_per_second=11.78
epoch=0 step=700 scheduled_removal=0/47 loss=0.008998 steps_per_second=11.77
epoch=0 step=800 scheduled_removal=0/47 loss=0.006608 steps_per_second=11.77
epoch=0 step=900 scheduled_removal=0/47 loss=0.008301 steps_per_second=11.78
epoch=0 step=1000 scheduled_removal=0/47 loss=0.010215 steps_per_second=11.78
epoch=0 step=1100 scheduled_removal=0/47 loss=0.008001 steps_per_second=11.78
epoch=0 step=1200 scheduled_removal=0/47 loss=0.008663 steps_per_second=11.77
epoch=0 step=1300 scheduled_removal=0/47 loss=0.006662 steps_per_second=11.77
epoch=0 step=1400 scheduled_removal=0/47 loss=0.006332 steps_per_second=11.77
epoch=0 step=1500 scheduled_removal=0/47 loss=0.006620 steps_per_second=11.77
epoch=0 step=1600 scheduled_removal=0/47 loss=0.006969 steps_per_second=11.76
epoch=0 step=1700 scheduled_removal=0/47 loss=0.005538 steps_per_second=11.82
epoch=0 step=1800 scheduled_removal=0/47 loss=0.007304 steps_per_second=11.75
epoch=0 step=1900 scheduled_removal=0/47 loss=0.008715 steps_per_second=11.78
epoch=0 step=2000 scheduled_removal=0/47 loss=0.007352 steps_per_second=11.78
epoch=0 step=2100 scheduled_removal=0/47 loss=0.006887 steps_per_second=11.76
epoch=0 step=2200 scheduled_removal=0/47 loss=0.007080 steps_per_second=11.76
epoch=0 step=2300 scheduled_removal=0/47 loss=0.007342 steps_per_second=11.75
epoch=0 step=2400 scheduled_removal=0/47 loss=0.005426 steps_per_second=11.76
epoch=0 step=2500 scheduled_removal=0/47 loss=0.006219 steps_per_second=11.76
epoch=0 step=2600 scheduled_removal=0/47 loss=0.006243 steps_per_second=11.76
epoch=0 step=2700 scheduled_removal=0/47 loss=0.007983 steps_per_second=11.77
epoch=0 step=2800 scheduled_removal=0/47 loss=0.006809 steps_per_second=11.77
epoch=0 step=2900 scheduled_removal=0/47 loss=0.005065 steps_per_second=11.76
epoch=0 step=3000 scheduled_removal=0/47 loss=0.007095 steps_per_second=11.77
epoch=0 step=3100 scheduled_removal=0/47 loss=0.007316 steps_per_second=11.79
epoch=0 step=3156 scheduled_removal=1 optimizer_reset=true
epoch=0 step=3200 scheduled_removal=1/47 loss=0.024681 steps_per_second=11.80
epoch=0 step=3300 scheduled_removal=1/47 loss=0.007277 steps_per_second=11.87
epoch=0 step=3400 scheduled_removal=1/47 loss=0.006512 steps_per_second=11.86
epoch=0 step=3500 scheduled_removal=1/47 loss=0.007088 steps_per_second=11.87
epoch=0 step=3600 scheduled_removal=1/47 loss=0.007942 steps_per_second=11.86
epoch=0 step=3700 scheduled_removal=1/47 loss=0.007466 steps_per_second=11.86
epoch=0 step=3800 scheduled_removal=1/47 loss=0.009396 steps_per_second=11.86
epoch=0 step=3900 scheduled_removal=1/47 loss=0.006585 steps_per_second=11.84
epoch=0 step=4000 scheduled_removal=1/47 loss=0.007956 steps_per_second=11.85
epoch=0 step=4100 scheduled_removal=1/47 loss=0.006598 steps_per_second=11.86
epoch=0 step=4200 scheduled_removal=1/47 loss=0.005933 steps_per_second=11.85
epoch=0 step=4300 scheduled_removal=1/47 loss=0.007347 steps_per_second=11.86
epoch=0 step=4400 scheduled_removal=1/47 loss=0.006065 steps_per_second=11.86
epoch=0 step=4500 scheduled_removal=1/47 loss=0.006772 steps_per_second=11.86
epoch=0 step=4600 scheduled_removal=1/47 loss=0.006776 steps_per_second=11.86
epoch=0 step=4700 scheduled_removal=1/47 loss=0.005854 steps_per_second=11.85
epoch=0 step=4800 scheduled_removal=1/47 loss=0.007777 steps_per_second=11.87
epoch=0 step=4900 scheduled_removal=1/47 loss=0.005292 steps_per_second=11.85
epoch=0 step=5000 scheduled_removal=1/47 loss=0.007096 steps_per_second=11.85
epoch=0 step=5100 scheduled_removal=1/47 loss=0.007209 steps_per_second=11.86
epoch=0 step=5200 scheduled_removal=1/47 loss=0.007770 steps_per_second=11.84
epoch=0 step=5300 scheduled_removal=1/47 loss=0.006513 steps_per_second=11.86
epoch=0 step=5400 scheduled_removal=1/47 loss=0.008929 steps_per_second=11.86
epoch=0 step=5500 scheduled_removal=1/47 loss=0.006543 steps_per_second=11.85
epoch=0 step=5600 scheduled_removal=1/47 loss=0.006977 steps_per_second=11.86
epoch=0 step=5700 scheduled_removal=1/47 loss=0.005202 steps_per_second=11.86
epoch=0 step=5800 scheduled_removal=1/47 loss=0.006842 steps_per_second=11.86
epoch=0 step=5900 scheduled_removal=1/47 loss=0.006887 steps_per_second=11.85
epoch=0 step=6000 scheduled_removal=1/47 loss=0.006214 steps_per_second=11.85
epoch=0 step=6100 scheduled_removal=1/47 loss=0.004314 steps_per_second=11.85
epoch=0 step=6200 scheduled_removal=1/47 loss=0.006726 steps_per_second=11.87
epoch=0 step=6300 scheduled_removal=1/47 loss=0.005554 steps_per_second=11.86
epoch=0 step=6312 scheduled_removal=2 optimizer_reset=true
epoch=0 step=6400 scheduled_removal=2/47 loss=0.050968 steps_per_second=12.32
epoch=0 step=6500 scheduled_removal=2/47 loss=0.039620 steps_per_second=12.41
epoch=0 step=6600 scheduled_removal=2/47 loss=0.037093 steps_per_second=12.41
epoch=0 step=6700 scheduled_removal=2/47 loss=0.034361 steps_per_second=12.41
epoch=0 step=6800 scheduled_removal=2/47 loss=0.030677 steps_per_second=12.42
epoch=0 step=6900 scheduled_removal=2/47 loss=0.027508 steps_per_second=12.40
epoch=0 step=7000 scheduled_removal=2/47 loss=0.028619 steps_per_second=12.42
epoch=0 step=7100 scheduled_removal=2/47 loss=0.024704 steps_per_second=12.41
epoch=0 step=7200 scheduled_removal=2/47 loss=0.025588 steps_per_second=12.43
epoch=0 step=7300 scheduled_removal=2/47 loss=0.024920 steps_per_second=12.41
epoch=0 step=7400 scheduled_removal=2/47 loss=0.023529 steps_per_second=12.42
epoch=0 step=7500 scheduled_removal=2/47 loss=0.023836 steps_per_second=12.41
epoch=0 step=7600 scheduled_removal=2/47 loss=0.023665 steps_per_second=12.42
epoch=0 step=7700 scheduled_removal=2/47 loss=0.024205 steps_per_second=12.42
epoch=0 step=7800 scheduled_removal=2/47 loss=0.021766 steps_per_second=12.43
epoch=0 step=7900 scheduled_removal=2/47 loss=0.019917 steps_per_second=12.40
epoch=0 step=8000 scheduled_removal=2/47 loss=0.019698 steps_per_second=12.39
epoch=0 step=8100 scheduled_removal=2/47 loss=0.020050 steps_per_second=12.39
epoch=0 step=8200 scheduled_removal=2/47 loss=0.018081 steps_per_second=12.38
epoch=0 step=8300 scheduled_removal=2/47 loss=0.019093 steps_per_second=12.37
epoch=0 step=8400 scheduled_removal=2/47 loss=0.017758 steps_per_second=12.38
epoch=0 step=8500 scheduled_removal=2/47 loss=0.017859 steps_per_second=12.39
epoch=0 step=8600 scheduled_removal=2/47 loss=0.017681 steps_per_second=12.38
epoch=0 step=8700 scheduled_removal=2/47 loss=0.016507 steps_per_second=12.38
epoch=0 step=8800 scheduled_removal=2/47 loss=0.016884 steps_per_second=12.37
epoch=0 step=8900 scheduled_removal=2/47 loss=0.017356 steps_per_second=12.39
epoch=0 step=9000 scheduled_removal=2/47 loss=0.015752 steps_per_second=12.38
epoch=0 step=9100 scheduled_removal=2/47 loss=0.014534 steps_per_second=12.38
epoch=0 step=9200 scheduled_removal=2/47 loss=0.014243 steps_per_second=12.38
epoch=0 step=9300 scheduled_removal=2/47 loss=0.014921 steps_per_second=12.38
epoch=0 step=9400 scheduled_removal=2/47 loss=0.017544 steps_per_second=12.39
epoch=0 step=9468 scheduled_removal=3 optimizer_reset=true
epoch=0 step=9500 scheduled_removal=3/47 loss=0.037747 steps_per_second=12.41
epoch=0 step=9600 scheduled_removal=3/47 loss=0.051685 steps_per_second=12.49
epoch=0 step=9700 scheduled_removal=3/47 loss=0.046899 steps_per_second=12.48
epoch=0 step=9800 scheduled_removal=3/47 loss=0.042128 steps_per_second=12.50
epoch=0 step=9900 scheduled_removal=3/47 loss=0.039363 steps_per_second=12.49
epoch=0 step=10000 scheduled_removal=3/47 loss=0.037765 steps_per_second=12.49
epoch=0 step=10100 scheduled_removal=3/47 loss=0.037739 steps_per_second=12.51
epoch=0 step=10200 scheduled_removal=3/47 loss=0.035464 steps_per_second=12.50
epoch=0 step=10300 scheduled_removal=3/47 loss=0.034160 steps_per_second=12.50
epoch=0 step=10400 scheduled_removal=3/47 loss=0.032302 steps_per_second=12.50
epoch=0 step=10500 scheduled_removal=3/47 loss=0.032551 steps_per_second=12.50
epoch=0 step=10600 scheduled_removal=3/47 loss=0.030924 steps_per_second=12.50
epoch=0 step=10700 scheduled_removal=3/47 loss=0.030654 steps_per_second=12.49
epoch=0 step=10800 scheduled_removal=3/47 loss=0.029733 steps_per_second=12.49
epoch=0 step=10900 scheduled_removal=3/47 loss=0.027208 steps_per_second=12.49
epoch=0 step=11000 scheduled_removal=3/47 loss=0.026283 steps_per_second=12.48
epoch=0 step=11100 scheduled_removal=3/47 loss=0.025407 steps_per_second=12.50
epoch=0 step=11200 scheduled_removal=3/47 loss=0.025696 steps_per_second=12.47
epoch=0 step=11300 scheduled_removal=3/47 loss=0.023830 steps_per_second=12.49
epoch=0 step=11400 scheduled_removal=3/47 loss=0.021874 steps_per_second=12.46
epoch=0 step=11500 scheduled_removal=3/47 loss=0.020564 steps_per_second=12.48
epoch=0 step=11600 scheduled_removal=3/47 loss=0.020726 steps_per_second=12.49
epoch=0 step=11700 scheduled_removal=3/47 loss=0.019334 steps_per_second=12.48
epoch=0 step=11800 scheduled_removal=3/47 loss=0.018512 steps_per_second=12.47
epoch=0 step=11900 scheduled_removal=3/47 loss=0.017101 steps_per_second=12.48
epoch=0 step=12000 scheduled_removal=3/47 loss=0.016879 steps_per_second=12.50
epoch=0 step=12100 scheduled_removal=3/47 loss=0.016841 steps_per_second=12.50
epoch=0 step=12200 scheduled_removal=3/47 loss=0.015540 steps_per_second=12.48
epoch=0 step=12300 scheduled_removal=3/47 loss=0.019514 steps_per_second=12.49
epoch=0 step=12400 scheduled_removal=3/47 loss=0.014518 steps_per_second=12.45
epoch=0 step=12500 scheduled_removal=3/47 loss=0.014622 steps_per_second=12.49
epoch=0 step=12600 scheduled_removal=3/47 loss=0.014024 steps_per_second=12.50
epoch=0 step=12624 scheduled_removal=4 optimizer_reset=true
epoch=0 step=12700 scheduled_removal=4/47 loss=0.039351 steps_per_second=12.55
epoch=0 step=12800 scheduled_removal=4/47 loss=0.027536 steps_per_second=12.55
epoch=0 step=12900 scheduled_removal=4/47 loss=0.023407 steps_per_second=12.54
epoch=0 step=13000 scheduled_removal=4/47 loss=0.020490 steps_per_second=12.54
epoch=0 step=13100 scheduled_removal=4/47 loss=0.021053 steps_per_second=12.54
epoch=0 step=13200 scheduled_removal=4/47 loss=0.019363 steps_per_second=12.59
epoch=0 step=13300 scheduled_removal=4/47 loss=0.018397 steps_per_second=12.58
epoch=0 step=13400 scheduled_removal=4/47 loss=0.017947 steps_per_second=12.57
epoch=0 step=13500 scheduled_removal=4/47 loss=0.014675 steps_per_second=12.57
epoch=0 step=13600 scheduled_removal=4/47 loss=0.014636 steps_per_second=12.57
epoch=0 step=13700 scheduled_removal=4/47 loss=0.014208 steps_per_second=12.59
epoch=0 step=13800 scheduled_removal=4/47 loss=0.012931 steps_per_second=12.56
epoch=0 step=13900 scheduled_removal=4/47 loss=0.011189 steps_per_second=12.56
epoch=0 step=14000 scheduled_removal=4/47 loss=0.012123 steps_per_second=12.58
epoch=0 step=14100 scheduled_removal=4/47 loss=0.010845 steps_per_second=12.58
epoch=0 step=14200 scheduled_removal=4/47 loss=0.011865 steps_per_second=12.60
epoch=0 step=14300 scheduled_removal=4/47 loss=0.010065 steps_per_second=12.61
epoch=0 step=14400 scheduled_removal=4/47 loss=0.009882 steps_per_second=12.57
epoch=0 step=14500 scheduled_removal=4/47 loss=0.010441 steps_per_second=12.60
epoch=0 step=14600 scheduled_removal=4/47 loss=0.009897 steps_per_second=12.57
epoch=0 step=14700 scheduled_removal=4/47 loss=0.008495 steps_per_second=12.58
epoch=0 step=14800 scheduled_removal=4/47 loss=0.008530 steps_per_second=12.56
epoch=0 step=14900 scheduled_removal=4/47 loss=0.007296 steps_per_second=12.57
epoch=0 step=15000 scheduled_removal=4/47 loss=0.006755 steps_per_second=12.58
epoch=0 step=15100 scheduled_removal=4/47 loss=0.006666 steps_per_second=12.56
epoch=0 step=15200 scheduled_removal=4/47 loss=0.006751 steps_per_second=12.56
epoch=0 step=15300 scheduled_removal=4/47 loss=0.007089 steps_per_second=12.57
epoch=0 step=15400 scheduled_removal=4/47 loss=0.009126 steps_per_second=12.54
epoch=0 step=15500 scheduled_removal=4/47 loss=0.007715 steps_per_second=12.57
epoch=0 step=15600 scheduled_removal=4/47 loss=0.006487 steps_per_second=12.57
epoch=0 step=15700 scheduled_removal=4/47 loss=0.006963 steps_per_second=12.57
epoch=0 step=15780 scheduled_removal=5 optimizer_reset=true
epoch=0 step=15800 scheduled_removal=5/47 loss=0.013370 steps_per_second=12.59
epoch=0 step=15900 scheduled_removal=5/47 loss=0.022620 steps_per_second=12.68
epoch=0 step=16000 scheduled_removal=5/47 loss=0.016190 steps_per_second=12.67
epoch=0 step=16100 scheduled_removal=5/47 loss=0.013933 steps_per_second=12.67
epoch=0 step=16200 scheduled_removal=5/47 loss=0.012295 steps_per_second=12.67
epoch=0 step=16300 scheduled_removal=5/47 loss=0.011202 steps_per_second=12.67
epoch=0 step=16400 scheduled_removal=5/47 loss=0.007683 steps_per_second=12.67
epoch=0 step=16500 scheduled_removal=5/47 loss=0.006675 steps_per_second=12.68
epoch=0 step=16600 scheduled_removal=5/47 loss=0.006880 steps_per_second=12.67
epoch=0 step=16700 scheduled_removal=5/47 loss=0.006703 steps_per_second=12.67
epoch=0 step=16800 scheduled_removal=5/47 loss=0.005526 steps_per_second=12.66
epoch=0 step=16900 scheduled_removal=5/47 loss=0.005274 steps_per_second=12.69
epoch=0 step=17000 scheduled_removal=5/47 loss=0.004136 steps_per_second=12.68
epoch=0 step=17100 scheduled_removal=5/47 loss=0.003883 steps_per_second=12.66
epoch=0 step=17200 scheduled_removal=5/47 loss=0.004736 steps_per_second=12.67
epoch=0 step=17300 scheduled_removal=5/47 loss=0.005777 steps_per_second=12.67
epoch=0 step=17400 scheduled_removal=5/47 loss=0.005155 steps_per_second=12.68
epoch=0 step=17500 scheduled_removal=5/47 loss=0.004497 steps_per_second=12.66
epoch=0 step=17600 scheduled_removal=5/47 loss=0.004564 steps_per_second=12.67
epoch=0 step=17700 scheduled_removal=5/47 loss=0.003844 steps_per_second=12.67
epoch=0 step=17800 scheduled_removal=5/47 loss=0.003836 steps_per_second=12.68
epoch=0 step=17900 scheduled_removal=5/47 loss=0.004601 steps_per_second=12.66
epoch=0 step=18000 scheduled_removal=5/47 loss=0.005252 steps_per_second=12.68
epoch=0 step=18100 scheduled_removal=5/47 loss=0.005535 steps_per_second=12.68
epoch=0 step=18200 scheduled_removal=5/47 loss=0.003851 steps_per_second=12.68
epoch=0 step=18300 scheduled_removal=5/47 loss=0.003887 steps_per_second=12.66
epoch=0 step=18400 scheduled_removal=5/47 loss=0.003231 steps_per_second=12.66
epoch=0 step=18500 scheduled_removal=5/47 loss=0.003355 steps_per_second=12.67
epoch=0 step=18600 scheduled_removal=5/47 loss=0.003611 steps_per_second=12.68
epoch=0 step=18700 scheduled_removal=5/47 loss=0.003001 steps_per_second=12.68
epoch=0 step=18800 scheduled_removal=5/47 loss=0.003668 steps_per_second=12.67
epoch=0 step=18900 scheduled_removal=5/47 loss=0.006077 steps_per_second=12.68
epoch=0 step=18936 scheduled_removal=6 optimizer_reset=true
epoch=0 step=19000 scheduled_removal=6/47 loss=0.015313 steps_per_second=13.04
epoch=0 step=19100 scheduled_removal=6/47 loss=0.013133 steps_per_second=13.27
epoch=0 step=19200 scheduled_removal=6/47 loss=0.009714 steps_per_second=13.25
epoch=0 step=19300 scheduled_removal=6/47 loss=0.010874 steps_per_second=13.27
epoch=0 step=19400 scheduled_removal=6/47 loss=0.007909 steps_per_second=13.27
epoch=0 step=19500 scheduled_removal=6/47 loss=0.010525 steps_per_second=13.27
epoch=0 step=19600 scheduled_removal=6/47 loss=0.006365 steps_per_second=13.28
epoch=0 step=19700 scheduled_removal=6/47 loss=0.007160 steps_per_second=13.27
epoch=0 step=19800 scheduled_removal=6/47 loss=0.007029 steps_per_second=13.28
epoch=0 step=19900 scheduled_removal=6/47 loss=0.007745 steps_per_second=13.26
epoch=0 step=20000 scheduled_removal=6/47 loss=0.007495 steps_per_second=13.28
epoch=0 step=20100 scheduled_removal=6/47 loss=0.007312 steps_per_second=13.26
epoch=0 step=20200 scheduled_removal=6/47 loss=0.006172 steps_per_second=13.28
epoch=0 step=20300 scheduled_removal=6/47 loss=0.008480 steps_per_second=13.29
epoch=0 step=20400 scheduled_removal=6/47 loss=0.006172 steps_per_second=13.27
epoch=0 step=20500 scheduled_removal=6/47 loss=0.005408 steps_per_second=13.28
epoch=0 step=20600 scheduled_removal=6/47 loss=0.004914 steps_per_second=13.27
epoch=0 step=20700 scheduled_removal=6/47 loss=0.005469 steps_per_second=13.26
epoch=0 step=20800 scheduled_removal=6/47 loss=0.004998 steps_per_second=13.27
epoch=0 step=20900 scheduled_removal=6/47 loss=0.004941 steps_per_second=13.27
epoch=0 step=21000 scheduled_removal=6/47 loss=0.005865 steps_per_second=13.27
epoch=0 step=21100 scheduled_removal=6/47 loss=0.004618 steps_per_second=13.28
epoch=0 step=21200 scheduled_removal=6/47 loss=0.005629 steps_per_second=13.26
epoch=0 step=21300 scheduled_removal=6/47 loss=0.006680 steps_per_second=13.28
epoch=0 step=21400 scheduled_removal=6/47 loss=0.004627 steps_per_second=13.27
epoch=0 step=21500 scheduled_removal=6/47 loss=0.004648 steps_per_second=13.27
epoch=0 step=21600 scheduled_removal=6/47 loss=0.003676 steps_per_second=13.28
epoch=0 step=21700 scheduled_removal=6/47 loss=0.004013 steps_per_second=13.28
epoch=0 step=21800 scheduled_removal=6/47 loss=0.005486 steps_per_second=13.28
epoch=0 step=21900 scheduled_removal=6/47 loss=0.004129 steps_per_second=13.28
epoch=0 step=22000 scheduled_removal=6/47 loss=0.004061 steps_per_second=13.28
epoch=0 step=22092 scheduled_removal=7 optimizer_reset=true
epoch=0 step=22100 scheduled_removal=7/47 loss=0.010765 steps_per_second=13.26
epoch=0 step=22200 scheduled_removal=7/47 loss=0.028289 steps_per_second=13.39
epoch=0 step=22300 scheduled_removal=7/47 loss=0.011700 steps_per_second=13.38
epoch=0 step=22400 scheduled_removal=7/47 loss=0.009814 steps_per_second=13.37
epoch=0 step=22500 scheduled_removal=7/47 loss=0.010058 steps_per_second=13.37
epoch=0 step=22600 scheduled_removal=7/47 loss=0.010455 steps_per_second=13.35
epoch=0 step=22700 scheduled_removal=7/47 loss=0.008946 steps_per_second=13.37
epoch=0 step=22800 scheduled_removal=7/47 loss=0.010268 steps_per_second=13.35
epoch=0 step=22900 scheduled_removal=7/47 loss=0.008933 steps_per_second=13.37
epoch=0 step=23000 scheduled_removal=7/47 loss=0.007850 steps_per_second=13.36
epoch=0 step=23100 scheduled_removal=7/47 loss=0.008047 steps_per_second=13.36
epoch=0 step=23200 scheduled_removal=7/47 loss=0.008547 steps_per_second=13.36
epoch=0 step=23300 scheduled_removal=7/47 loss=0.008770 steps_per_second=13.35
epoch=0 step=23400 scheduled_removal=7/47 loss=0.008854 steps_per_second=13.36
epoch=0 step=23500 scheduled_removal=7/47 loss=0.007816 steps_per_second=13.35
epoch=0 step=23600 scheduled_removal=7/47 loss=0.007975 steps_per_second=13.37
epoch=0 step=23700 scheduled_removal=7/47 loss=0.007553 steps_per_second=13.34
epoch=0 step=23800 scheduled_removal=7/47 loss=0.008831 steps_per_second=13.33
epoch=0 step=23900 scheduled_removal=7/47 loss=0.008307 steps_per_second=13.33
epoch=0 step=24000 scheduled_removal=7/47 loss=0.006048 steps_per_second=13.33
epoch=0 step=24100 scheduled_removal=7/47 loss=0.007042 steps_per_second=13.35
epoch=0 step=24200 scheduled_removal=7/47 loss=0.008197 steps_per_second=13.36
epoch=0 step=24300 scheduled_removal=7/47 loss=0.006771 steps_per_second=13.36
epoch=0 step=24400 scheduled_removal=7/47 loss=0.008306 steps_per_second=13.36
epoch=0 step=24500 scheduled_removal=7/47 loss=0.006118 steps_per_second=13.36
epoch=0 step=24600 scheduled_removal=7/47 loss=0.007130 steps_per_second=13.37
epoch=0 step=24700 scheduled_removal=7/47 loss=0.007403 steps_per_second=13.36
epoch=0 step=24800 scheduled_removal=7/47 loss=0.006876 steps_per_second=13.39
epoch=0 step=24900 scheduled_removal=7/47 loss=0.008069 steps_per_second=13.36
epoch=0 step=25000 scheduled_removal=7/47 loss=0.007513 steps_per_second=13.38
epoch=0 step=25100 scheduled_removal=7/47 loss=0.007163 steps_per_second=13.35
epoch=0 step=25200 scheduled_removal=7/47 loss=0.008277 steps_per_second=13.37
epoch=0 step=25248 scheduled_removal=8 optimizer_reset=true
validation epoch=0 removed=8/47: 852/1000 (85.2000%)
epoch=1 step=25300 scheduled_removal=8/47 loss=0.045141 steps_per_second=27.10
epoch=1 step=25400 scheduled_removal=8/47 loss=0.055423 steps_per_second=13.47
epoch=1 step=25500 scheduled_removal=8/47 loss=0.033694 steps_per_second=13.47
epoch=1 step=25600 scheduled_removal=8/47 loss=0.030298 steps_per_second=13.48
epoch=1 step=25700 scheduled_removal=8/47 loss=0.030444 steps_per_second=13.47
epoch=1 step=25800 scheduled_removal=8/47 loss=0.028033 steps_per_second=13.47
epoch=1 step=25900 scheduled_removal=8/47 loss=0.030342 steps_per_second=13.48
epoch=1 step=26000 scheduled_removal=8/47 loss=0.027454 steps_per_second=13.44
epoch=1 step=26100 scheduled_removal=8/47 loss=0.026280 steps_per_second=13.47
epoch=1 step=26200 scheduled_removal=8/47 loss=0.026082 steps_per_second=13.46
epoch=1 step=26300 scheduled_removal=8/47 loss=0.024028 steps_per_second=13.47
epoch=1 step=26400 scheduled_removal=8/47 loss=0.024411 steps_per_second=13.46
epoch=1 step=26500 scheduled_removal=8/47 loss=0.023744 steps_per_second=13.46
epoch=1 step=26600 scheduled_removal=8/47 loss=0.021100 steps_per_second=13.46
epoch=1 step=26700 scheduled_removal=8/47 loss=0.021458 steps_per_second=13.48
epoch=1 step=26800 scheduled_removal=8/47 loss=0.019194 steps_per_second=13.48
epoch=1 step=26900 scheduled_removal=8/47 loss=0.019043 steps_per_second=13.47
epoch=1 step=27000 scheduled_removal=8/47 loss=0.016646 steps_per_second=13.45
epoch=1 step=27100 scheduled_removal=8/47 loss=0.016372 steps_per_second=13.45
epoch=1 step=27200 scheduled_removal=8/47 loss=0.016485 steps_per_second=13.47
epoch=1 step=27300 scheduled_removal=8/47 loss=0.014806 steps_per_second=13.49
epoch=1 step=27400 scheduled_removal=8/47 loss=0.014563 steps_per_second=13.50
epoch=1 step=27500 scheduled_removal=8/47 loss=0.012834 steps_per_second=13.46
epoch=1 step=27600 scheduled_removal=8/47 loss=0.009786 steps_per_second=13.50
epoch=1 step=27700 scheduled_removal=8/47 loss=0.012361 steps_per_second=13.48
epoch=1 step=27800 scheduled_removal=8/47 loss=0.010703 steps_per_second=13.47
epoch=1 step=27900 scheduled_removal=8/47 loss=0.009526 steps_per_second=13.47
epoch=1 step=28000 scheduled_removal=8/47 loss=0.010576 steps_per_second=13.52
epoch=1 step=28100 scheduled_removal=8/47 loss=0.009501 steps_per_second=13.52
epoch=1 step=28200 scheduled_removal=8/47 loss=0.008402 steps_per_second=13.49
epoch=1 step=28300 scheduled_removal=8/47 loss=0.008870 steps_per_second=13.49
epoch=1 step=28400 scheduled_removal=8/47 loss=0.009438 steps_per_second=13.49
epoch=1 step=28404 scheduled_removal=9 optimizer_reset=true
epoch=1 step=28500 scheduled_removal=9/47 loss=0.057591 steps_per_second=13.60
epoch=1 step=28600 scheduled_removal=9/47 loss=0.044743 steps_per_second=13.60
epoch=1 step=28700 scheduled_removal=9/47 loss=0.042730 steps_per_second=13.58
epoch=1 step=28800 scheduled_removal=9/47 loss=0.038845 steps_per_second=13.61
epoch=1 step=28900 scheduled_removal=9/47 loss=0.039953 steps_per_second=13.59
epoch=1 step=29000 scheduled_removal=9/47 loss=0.038302 steps_per_second=13.60
epoch=1 step=29100 scheduled_removal=9/47 loss=0.038522 steps_per_second=13.59
epoch=1 step=29200 scheduled_removal=9/47 loss=0.036481 steps_per_second=13.59
epoch=1 step=29300 scheduled_removal=9/47 loss=0.035323 steps_per_second=13.59
epoch=1 step=29400 scheduled_removal=9/47 loss=0.037011 steps_per_second=13.59
epoch=1 step=29500 scheduled_removal=9/47 loss=0.035565 steps_per_second=13.59
epoch=1 step=29600 scheduled_removal=9/47 loss=0.034764 steps_per_second=13.58
epoch=1 step=29700 scheduled_removal=9/47 loss=0.033779 steps_per_second=13.59
epoch=1 step=29800 scheduled_removal=9/47 loss=0.033652 steps_per_second=13.58
epoch=1 step=29900 scheduled_removal=9/47 loss=0.034218 steps_per_second=13.58
epoch=1 step=30000 scheduled_removal=9/47 loss=0.031959 steps_per_second=13.58
epoch=1 step=30100 scheduled_removal=9/47 loss=0.032795 steps_per_second=13.58
epoch=1 step=30200 scheduled_removal=9/47 loss=0.030497 steps_per_second=13.59
epoch=1 step=30300 scheduled_removal=9/47 loss=0.032014 steps_per_second=13.59
epoch=1 step=30400 scheduled_removal=9/47 loss=0.030867 steps_per_second=13.63
epoch=1 step=30500 scheduled_removal=9/47 loss=0.030755 steps_per_second=13.59
epoch=1 step=30600 scheduled_removal=9/47 loss=0.029377 steps_per_second=13.60
epoch=1 step=30700 scheduled_removal=9/47 loss=0.029430 steps_per_second=13.60
epoch=1 step=30800 scheduled_removal=9/47 loss=0.027572 steps_per_second=13.61
epoch=1 step=30900 scheduled_removal=9/47 loss=0.027675 steps_per_second=13.60
epoch=1 step=31000 scheduled_removal=9/47 loss=0.027717 steps_per_second=13.58
epoch=1 step=31100 scheduled_removal=9/47 loss=0.027334 steps_per_second=13.60
epoch=1 step=31200 scheduled_removal=9/47 loss=0.025657 steps_per_second=13.60
epoch=1 step=31300 scheduled_removal=9/47 loss=0.027186 steps_per_second=13.57
epoch=1 step=31400 scheduled_removal=9/47 loss=0.026652 steps_per_second=13.58
epoch=1 step=31500 scheduled_removal=9/47 loss=0.027500 steps_per_second=13.54
epoch=1 step=31560 scheduled_removal=10 optimizer_reset=true
epoch=1 step=31600 scheduled_removal=10/47 loss=0.051836 steps_per_second=13.57
epoch=1 step=31700 scheduled_removal=10/47 loss=0.055552 steps_per_second=13.58
epoch=1 step=31800 scheduled_removal=10/47 loss=0.053746 steps_per_second=13.61
epoch=1 step=31900 scheduled_removal=10/47 loss=0.049891 steps_per_second=13.58
epoch=1 step=32000 scheduled_removal=10/47 loss=0.048520 steps_per_second=13.57
epoch=1 step=32100 scheduled_removal=10/47 loss=0.047887 steps_per_second=13.62
epoch=1 step=32200 scheduled_removal=10/47 loss=0.046381 steps_per_second=13.61
epoch=1 step=32300 scheduled_removal=10/47 loss=0.045413 steps_per_second=13.61
epoch=1 step=32400 scheduled_removal=10/47 loss=0.042714 steps_per_second=13.62
epoch=1 step=32500 scheduled_removal=10/47 loss=0.042432 steps_per_second=13.56
epoch=1 step=32600 scheduled_removal=10/47 loss=0.040988 steps_per_second=13.60
epoch=1 step=32700 scheduled_removal=10/47 loss=0.038818 steps_per_second=13.60
epoch=1 step=32800 scheduled_removal=10/47 loss=0.037919 steps_per_second=13.57
epoch=1 step=32900 scheduled_removal=10/47 loss=0.039178 steps_per_second=13.58
epoch=1 step=33000 scheduled_removal=10/47 loss=0.037634 steps_per_second=13.56
epoch=1 step=33100 scheduled_removal=10/47 loss=0.035269 steps_per_second=13.59
epoch=1 step=33200 scheduled_removal=10/47 loss=0.034663 steps_per_second=13.60
epoch=1 step=33300 scheduled_removal=10/47 loss=0.033929 steps_per_second=13.59
epoch=1 step=33400 scheduled_removal=10/47 loss=0.033105 steps_per_second=13.61
epoch=1 step=33500 scheduled_removal=10/47 loss=0.032701 steps_per_second=13.58
epoch=1 step=33600 scheduled_removal=10/47 loss=0.031467 steps_per_second=13.60
epoch=1 step=33700 scheduled_removal=10/47 loss=0.030568 steps_per_second=13.60
epoch=1 step=33800 scheduled_removal=10/47 loss=0.029142 steps_per_second=13.59
epoch=1 step=33900 scheduled_removal=10/47 loss=0.031005 steps_per_second=13.63
epoch=1 step=34000 scheduled_removal=10/47 loss=0.028496 steps_per_second=13.62
epoch=1 step=34100 scheduled_removal=10/47 loss=0.027175 steps_per_second=13.62
epoch=1 step=34200 scheduled_removal=10/47 loss=0.026285 steps_per_second=13.60
epoch=1 step=34300 scheduled_removal=10/47 loss=0.025445 steps_per_second=13.61
epoch=1 step=34400 scheduled_removal=10/47 loss=0.026733 steps_per_second=13.63
epoch=1 step=34500 scheduled_removal=10/47 loss=0.027927 steps_per_second=13.61
epoch=1 step=34600 scheduled_removal=10/47 loss=0.024314 steps_per_second=13.63
epoch=1 step=34700 scheduled_removal=10/47 loss=0.025502 steps_per_second=13.61
epoch=1 step=34716 scheduled_removal=11 optimizer_reset=true
epoch=1 step=34800 scheduled_removal=11/47 loss=0.052163 steps_per_second=13.69
epoch=1 step=34900 scheduled_removal=11/47 loss=0.039551 steps_per_second=13.71
epoch=1 step=35000 scheduled_removal=11/47 loss=0.034360 steps_per_second=13.73
epoch=1 step=35100 scheduled_removal=11/47 loss=0.030698 steps_per_second=13.74
epoch=1 step=35200 scheduled_removal=11/47 loss=0.029652 steps_per_second=13.74
epoch=1 step=35300 scheduled_removal=11/47 loss=0.027463 steps_per_second=13.76
epoch=1 step=35400 scheduled_removal=11/47 loss=0.026003 steps_per_second=13.72
epoch=1 step=35500 scheduled_removal=11/47 loss=0.028506 steps_per_second=13.74
epoch=1 step=35600 scheduled_removal=11/47 loss=0.024913 steps_per_second=13.72
epoch=1 step=35700 scheduled_removal=11/47 loss=0.023872 steps_per_second=13.71
epoch=1 step=35800 scheduled_removal=11/47 loss=0.024284 steps_per_second=13.72
epoch=1 step=35900 scheduled_removal=11/47 loss=0.022283 steps_per_second=13.72
epoch=1 step=36000 scheduled_removal=11/47 loss=0.021208 steps_per_second=13.70
epoch=1 step=36100 scheduled_removal=11/47 loss=0.023425 steps_per_second=13.71
epoch=1 step=36200 scheduled_removal=11/47 loss=0.019900 steps_per_second=13.71
epoch=1 step=36300 scheduled_removal=11/47 loss=0.019056 steps_per_second=13.73
epoch=1 step=36400 scheduled_removal=11/47 loss=0.019348 steps_per_second=13.73
epoch=1 step=36500 scheduled_removal=11/47 loss=0.018134 steps_per_second=13.74
epoch=1 step=36600 scheduled_removal=11/47 loss=0.019087 steps_per_second=13.73
epoch=1 step=36700 scheduled_removal=11/47 loss=0.016230 steps_per_second=13.73
epoch=1 step=36800 scheduled_removal=11/47 loss=0.015872 steps_per_second=13.73
epoch=1 step=36900 scheduled_removal=11/47 loss=0.017320 steps_per_second=13.72
epoch=1 step=37000 scheduled_removal=11/47 loss=0.015646 steps_per_second=13.73
epoch=1 step=37100 scheduled_removal=11/47 loss=0.016230 steps_per_second=13.73
epoch=1 step=37200 scheduled_removal=11/47 loss=0.018164 steps_per_second=13.74
epoch=1 step=37300 scheduled_removal=11/47 loss=0.014872 steps_per_second=13.74
epoch=1 step=37400 scheduled_removal=11/47 loss=0.014482 steps_per_second=13.73
epoch=1 step=37500 scheduled_removal=11/47 loss=0.014698 steps_per_second=13.73
epoch=1 step=37600 scheduled_removal=11/47 loss=0.013706 steps_per_second=13.71
epoch=1 step=37700 scheduled_removal=11/47 loss=0.012757 steps_per_second=13.73
epoch=1 step=37800 scheduled_removal=11/47 loss=0.013438 steps_per_second=13.75
epoch=1 step=37872 scheduled_removal=12 optimizer_reset=true
epoch=1 step=37900 scheduled_removal=12/47 loss=0.025108 steps_per_second=13.74
epoch=1 step=38000 scheduled_removal=12/47 loss=0.031055 steps_per_second=13.70
epoch=1 step=38100 scheduled_removal=12/47 loss=0.021498 steps_per_second=13.72
epoch=1 step=38200 scheduled_removal=12/47 loss=0.022617 steps_per_second=13.70
epoch=1 step=38300 scheduled_removal=12/47 loss=0.021332 steps_per_second=13.72
epoch=1 step=38400 scheduled_removal=12/47 loss=0.025096 steps_per_second=13.72
epoch=1 step=38500 scheduled_removal=12/47 loss=0.021009 steps_per_second=13.69
epoch=1 step=38600 scheduled_removal=12/47 loss=0.020904 steps_per_second=13.68
epoch=1 step=38700 scheduled_removal=12/47 loss=0.016199 steps_per_second=13.67
epoch=1 step=38800 scheduled_removal=12/47 loss=0.018415 steps_per_second=13.71
epoch=1 step=38900 scheduled_removal=12/47 loss=0.015345 steps_per_second=13.69
epoch=1 step=39000 scheduled_removal=12/47 loss=0.014826 steps_per_second=13.74
epoch=1 step=39100 scheduled_removal=12/47 loss=0.017124 steps_per_second=13.71
epoch=1 step=39200 scheduled_removal=12/47 loss=0.015185 steps_per_second=13.71
epoch=1 step=39300 scheduled_removal=12/47 loss=0.014731 steps_per_second=13.73
epoch=1 step=39400 scheduled_removal=12/47 loss=0.013159 steps_per_second=13.74
epoch=1 step=39500 scheduled_removal=12/47 loss=0.015131 steps_per_second=13.71
epoch=1 step=39600 scheduled_removal=12/47 loss=0.015740 steps_per_second=13.72
epoch=1 step=39700 scheduled_removal=12/47 loss=0.014213 steps_per_second=13.70
epoch=1 step=39800 scheduled_removal=12/47 loss=0.015967 steps_per_second=13.72
epoch=1 step=39900 scheduled_removal=12/47 loss=0.013834 steps_per_second=13.73
epoch=1 step=40000 scheduled_removal=12/47 loss=0.014232 steps_per_second=13.72
epoch=1 step=40100 scheduled_removal=12/47 loss=0.014652 steps_per_second=13.74
epoch=1 step=40200 scheduled_removal=12/47 loss=0.013090 steps_per_second=13.72
epoch=1 step=40300 scheduled_removal=12/47 loss=0.013113 steps_per_second=13.75
epoch=1 step=40400 scheduled_removal=12/47 loss=0.013924 steps_per_second=13.74
epoch=1 step=40500 scheduled_removal=12/47 loss=0.013904 steps_per_second=13.71
epoch=1 step=40600 scheduled_removal=12/47 loss=0.010475 steps_per_second=13.75
epoch=1 step=40700 scheduled_removal=12/47 loss=0.010700 steps_per_second=13.73
epoch=1 step=40800 scheduled_removal=12/47 loss=0.011894 steps_per_second=13.73
epoch=1 step=40900 scheduled_removal=12/47 loss=0.013238 steps_per_second=13.72
epoch=1 step=41000 scheduled_removal=12/47 loss=0.015057 steps_per_second=13.73
epoch=1 step=41028 scheduled_removal=13 optimizer_reset=true
epoch=1 step=41100 scheduled_removal=13/47 loss=0.174025 steps_per_second=13.81
epoch=1 step=41200 scheduled_removal=13/47 loss=0.197258 steps_per_second=13.84
epoch=1 step=41300 scheduled_removal=13/47 loss=0.183314 steps_per_second=13.84
epoch=1 step=41400 scheduled_removal=13/47 loss=0.166928 steps_per_second=13.81
epoch=1 step=41500 scheduled_removal=13/47 loss=0.133556 steps_per_second=13.82
epoch=1 step=41600 scheduled_removal=13/47 loss=0.061899 steps_per_second=13.85
epoch=1 step=41700 scheduled_removal=13/47 loss=0.033909 steps_per_second=13.85
epoch=1 step=41800 scheduled_removal=13/47 loss=0.027266 steps_per_second=13.84
epoch=1 step=41900 scheduled_removal=13/47 loss=0.028051 steps_per_second=13.86
epoch=1 step=42000 scheduled_removal=13/47 loss=0.027692 steps_per_second=13.86
epoch=1 step=42100 scheduled_removal=13/47 loss=0.026620 steps_per_second=13.86
epoch=1 step=42200 scheduled_removal=13/47 loss=0.021970 steps_per_second=13.84
epoch=1 step=42300 scheduled_removal=13/47 loss=0.021237 steps_per_second=13.83
epoch=1 step=42400 scheduled_removal=13/47 loss=0.023191 steps_per_second=13.84
epoch=1 step=42500 scheduled_removal=13/47 loss=0.023591 steps_per_second=13.84
epoch=1 step=42600 scheduled_removal=13/47 loss=0.025544 steps_per_second=13.85
epoch=1 step=42700 scheduled_removal=13/47 loss=0.023246 steps_per_second=13.83
epoch=1 step=42800 scheduled_removal=13/47 loss=0.020169 steps_per_second=13.84
epoch=1 step=42900 scheduled_removal=13/47 loss=0.024025 steps_per_second=13.83
epoch=1 step=43000 scheduled_removal=13/47 loss=0.025700 steps_per_second=13.84
epoch=1 step=43100 scheduled_removal=13/47 loss=0.020421 steps_per_second=13.83
epoch=1 step=43200 scheduled_removal=13/47 loss=0.021428 steps_per_second=13.83
epoch=1 step=43300 scheduled_removal=13/47 loss=0.021290 steps_per_second=13.81
epoch=1 step=43400 scheduled_removal=13/47 loss=0.017025 steps_per_second=13.82
epoch=1 step=43500 scheduled_removal=13/47 loss=0.020644 steps_per_second=13.82
epoch=1 step=43600 scheduled_removal=13/47 loss=0.021531 steps_per_second=13.80
epoch=1 step=43700 scheduled_removal=13/47 loss=0.019205 steps_per_second=13.83
epoch=1 step=43800 scheduled_removal=13/47 loss=0.018066 steps_per_second=13.86
epoch=1 step=43900 scheduled_removal=13/47 loss=0.021394 steps_per_second=13.83
epoch=1 step=44000 scheduled_removal=13/47 loss=0.020133 steps_per_second=13.83
epoch=1 step=44100 scheduled_removal=13/47 loss=0.020494 steps_per_second=13.86
epoch=1 step=44184 scheduled_removal=14 optimizer_reset=true
epoch=1 step=44200 scheduled_removal=14/47 loss=0.073646 steps_per_second=13.90
epoch=1 step=44300 scheduled_removal=14/47 loss=0.136355 steps_per_second=14.14
epoch=1 step=44400 scheduled_removal=14/47 loss=0.058924 steps_per_second=14.16
epoch=1 step=44500 scheduled_removal=14/47 loss=0.056340 steps_per_second=14.15
epoch=1 step=44600 scheduled_removal=14/47 loss=0.054700 steps_per_second=14.15
epoch=1 step=44700 scheduled_removal=14/47 loss=0.053970 steps_per_second=14.17
epoch=1 step=44800 scheduled_removal=14/47 loss=0.053533 steps_per_second=14.13
epoch=1 step=44900 scheduled_removal=14/47 loss=0.052038 steps_per_second=14.14
epoch=1 step=45000 scheduled_removal=14/47 loss=0.045540 steps_per_second=14.15
epoch=1 step=45100 scheduled_removal=14/47 loss=0.046253 steps_per_second=14.16
epoch=1 step=45200 scheduled_removal=14/47 loss=0.044746 steps_per_second=14.17
epoch=1 step=45300 scheduled_removal=14/47 loss=0.029318 steps_per_second=14.14
epoch=1 step=45400 scheduled_removal=14/47 loss=0.026082 steps_per_second=14.16
epoch=1 step=45500 scheduled_removal=14/47 loss=0.023108 steps_per_second=14.13
epoch=1 step=45600 scheduled_removal=14/47 loss=0.020840 steps_per_second=14.16
epoch=1 step=45700 scheduled_removal=14/47 loss=0.020668 steps_per_second=14.15
epoch=1 step=45800 scheduled_removal=14/47 loss=0.020362 steps_per_second=14.14
epoch=1 step=45900 scheduled_removal=14/47 loss=0.021545 steps_per_second=14.15
epoch=1 step=46000 scheduled_removal=14/47 loss=0.021556 steps_per_second=14.16
epoch=1 step=46100 scheduled_removal=14/47 loss=0.019240 steps_per_second=14.18
epoch=1 step=46200 scheduled_removal=14/47 loss=0.019207 steps_per_second=14.14
epoch=1 step=46300 scheduled_removal=14/47 loss=0.019280 steps_per_second=14.14
epoch=1 step=46400 scheduled_removal=14/47 loss=0.021545 steps_per_second=14.15
epoch=1 step=46500 scheduled_removal=14/47 loss=0.020328 steps_per_second=14.15
epoch=1 step=46600 scheduled_removal=14/47 loss=0.018856 steps_per_second=14.15
epoch=1 step=46700 scheduled_removal=14/47 loss=0.016751 steps_per_second=14.16
epoch=1 step=46800 scheduled_removal=14/47 loss=0.017207 steps_per_second=14.16
epoch=1 step=46900 scheduled_removal=14/47 loss=0.017144 steps_per_second=14.15
epoch=1 step=47000 scheduled_removal=14/47 loss=0.017179 steps_per_second=14.16
epoch=1 step=47100 scheduled_removal=14/47 loss=0.017026 steps_per_second=14.15
epoch=1 step=47200 scheduled_removal=14/47 loss=0.019277 steps_per_second=14.14
epoch=1 step=47300 scheduled_removal=14/47 loss=0.017648 steps_per_second=14.14
epoch=1 step=47340 scheduled_removal=15 optimizer_reset=true
epoch=1 step=47400 scheduled_removal=15/47 loss=0.123355 steps_per_second=14.20
epoch=1 step=47500 scheduled_removal=15/47 loss=0.062195 steps_per_second=14.25
epoch=1 step=47600 scheduled_removal=15/47 loss=0.052610 steps_per_second=14.26
epoch=1 step=47700 scheduled_removal=15/47 loss=0.052516 steps_per_second=14.24
epoch=1 step=47800 scheduled_removal=15/47 loss=0.052068 steps_per_second=14.28
epoch=1 step=47900 scheduled_removal=15/47 loss=0.048118 steps_per_second=14.27
epoch=1 step=48000 scheduled_removal=15/47 loss=0.030754 steps_per_second=14.26
epoch=1 step=48100 scheduled_removal=15/47 loss=0.027468 steps_per_second=14.26
epoch=1 step=48200 scheduled_removal=15/47 loss=0.024433 steps_per_second=14.27
epoch=1 step=48300 scheduled_removal=15/47 loss=0.024272 steps_per_second=14.26
epoch=1 step=48400 scheduled_removal=15/47 loss=0.024836 steps_per_second=14.25
epoch=1 step=48500 scheduled_removal=15/47 loss=0.024898 steps_per_second=14.25
epoch=1 step=48600 scheduled_removal=15/47 loss=0.021204 steps_per_second=14.26
epoch=1 step=48700 scheduled_removal=15/47 loss=0.021024 steps_per_second=14.24
epoch=1 step=48800 scheduled_removal=15/47 loss=0.020237 steps_per_second=14.26
epoch=1 step=48900 scheduled_removal=15/47 loss=0.020563 steps_per_second=14.24
epoch=1 step=49000 scheduled_removal=15/47 loss=0.021871 steps_per_second=14.27
epoch=1 step=49100 scheduled_removal=15/47 loss=0.019797 steps_per_second=14.27
epoch=1 step=49200 scheduled_removal=15/47 loss=0.020634 steps_per_second=14.25
epoch=1 step=49300 scheduled_removal=15/47 loss=0.019851 steps_per_second=14.25
epoch=1 step=49400 scheduled_removal=15/47 loss=0.019172 steps_per_second=14.26
epoch=1 step=49500 scheduled_removal=15/47 loss=0.017060 steps_per_second=14.27
epoch=1 step=49600 scheduled_removal=15/47 loss=0.016122 steps_per_second=14.27
epoch=1 step=49700 scheduled_removal=15/47 loss=0.018557 steps_per_second=14.26
epoch=1 step=49800 scheduled_removal=15/47 loss=0.018622 steps_per_second=14.28
epoch=1 step=49900 scheduled_removal=15/47 loss=0.021373 steps_per_second=14.27
epoch=1 step=50000 scheduled_removal=15/47 loss=0.019768 steps_per_second=14.26
epoch=1 step=50100 scheduled_removal=15/47 loss=0.017530 steps_per_second=14.25
epoch=1 step=50200 scheduled_removal=15/47 loss=0.018547 steps_per_second=14.27
epoch=1 step=50300 scheduled_removal=15/47 loss=0.017386 steps_per_second=14.28
epoch=1 step=50400 scheduled_removal=15/47 loss=0.020447 steps_per_second=14.29
epoch=1 step=50496 scheduled_removal=16 optimizer_reset=true
epoch=1 step=50500 scheduled_removal=16/47 loss=0.035700 steps_per_second=14.25
validation epoch=1 removed=16/47: 177/1000 (17.7000%)
epoch=2 step=50600 scheduled_removal=16/47 loss=0.122443 steps_per_second=14.28
epoch=2 step=50700 scheduled_removal=16/47 loss=0.062585 steps_per_second=14.24
epoch=2 step=50800 scheduled_removal=16/47 loss=0.058360 steps_per_second=14.25
epoch=2 step=50900 scheduled_removal=16/47 loss=0.057304 steps_per_second=14.25
epoch=2 step=51000 scheduled_removal=16/47 loss=0.054378 steps_per_second=14.25
epoch=2 step=51100 scheduled_removal=16/47 loss=0.053728 steps_per_second=14.25
epoch=2 step=51200 scheduled_removal=16/47 loss=0.051870 steps_per_second=14.25
epoch=2 step=51300 scheduled_removal=16/47 loss=0.051461 steps_per_second=14.24
epoch=2 step=51400 scheduled_removal=16/47 loss=0.048998 steps_per_second=14.25
epoch=2 step=51500 scheduled_removal=16/47 loss=0.049313 steps_per_second=14.24
epoch=2 step=51600 scheduled_removal=16/47 loss=0.049939 steps_per_second=14.24
epoch=2 step=51700 scheduled_removal=16/47 loss=0.047891 steps_per_second=14.23
epoch=2 step=51800 scheduled_removal=16/47 loss=0.046293 steps_per_second=14.26
epoch=2 step=51900 scheduled_removal=16/47 loss=0.048196 steps_per_second=14.27
epoch=2 step=52000 scheduled_removal=16/47 loss=0.045665 steps_per_second=14.25
epoch=2 step=52100 scheduled_removal=16/47 loss=0.045499 steps_per_second=14.27
epoch=2 step=52200 scheduled_removal=16/47 loss=0.047084 steps_per_second=14.26
epoch=2 step=52300 scheduled_removal=16/47 loss=0.043916 steps_per_second=14.27
epoch=2 step=52400 scheduled_removal=16/47 loss=0.046307 steps_per_second=14.23
epoch=2 step=52500 scheduled_removal=16/47 loss=0.045527 steps_per_second=14.22
epoch=2 step=52600 scheduled_removal=16/47 loss=0.046648 steps_per_second=14.24
epoch=2 step=52700 scheduled_removal=16/47 loss=0.046453 steps_per_second=14.25
epoch=2 step=52800 scheduled_removal=16/47 loss=0.046198 steps_per_second=14.23
epoch=2 step=52900 scheduled_removal=16/47 loss=0.044439 steps_per_second=14.28
epoch=2 step=53000 scheduled_removal=16/47 loss=0.044113 steps_per_second=14.25
epoch=2 step=53100 scheduled_removal=16/47 loss=0.045337 steps_per_second=14.26
epoch=2 step=53200 scheduled_removal=16/47 loss=0.045847 steps_per_second=14.26
epoch=2 step=53300 scheduled_removal=16/47 loss=0.045149 steps_per_second=14.20
epoch=2 step=53400 scheduled_removal=16/47 loss=0.045132 steps_per_second=14.23
epoch=2 step=53500 scheduled_removal=16/47 loss=0.044278 steps_per_second=14.25
epoch=2 step=53600 scheduled_removal=16/47 loss=0.043171 steps_per_second=14.24
epoch=2 step=53652 scheduled_removal=17 optimizer_reset=true
epoch=2 step=53700 scheduled_removal=17/47 loss=0.103446 steps_per_second=14.28
epoch=2 step=53800 scheduled_removal=17/47 loss=0.100159 steps_per_second=14.35
epoch=2 step=53900 scheduled_removal=17/47 loss=0.082491 steps_per_second=14.35
epoch=2 step=54000 scheduled_removal=17/47 loss=0.080191 steps_per_second=14.34
epoch=2 step=54100 scheduled_removal=17/47 loss=0.077495 steps_per_second=14.33
epoch=2 step=54200 scheduled_removal=17/47 loss=0.078896 steps_per_second=14.34
epoch=2 step=54300 scheduled_removal=17/47 loss=0.077692 steps_per_second=14.36
epoch=2 step=54400 scheduled_removal=17/47 loss=0.076317 steps_per_second=14.34
epoch=2 step=54500 scheduled_removal=17/47 loss=0.079419 steps_per_second=14.41
epoch=2 step=54600 scheduled_removal=17/47 loss=0.074624 steps_per_second=14.43
epoch=2 step=54700 scheduled_removal=17/47 loss=0.073743 steps_per_second=14.36
epoch=2 step=54800 scheduled_removal=17/47 loss=0.071985 steps_per_second=14.38
epoch=2 step=54900 scheduled_removal=17/47 loss=0.072479 steps_per_second=14.37
epoch=2 step=55000 scheduled_removal=17/47 loss=0.070164 steps_per_second=14.35
epoch=2 step=55100 scheduled_removal=17/47 loss=0.068248 steps_per_second=14.33
epoch=2 step=55200 scheduled_removal=17/47 loss=0.066255 steps_per_second=14.35
epoch=2 step=55300 scheduled_removal=17/47 loss=0.061893 steps_per_second=14.36
epoch=2 step=55400 scheduled_removal=17/47 loss=0.061082 steps_per_second=14.35
epoch=2 step=55500 scheduled_removal=17/47 loss=0.058707 steps_per_second=14.36
epoch=2 step=55600 scheduled_removal=17/47 loss=0.053221 steps_per_second=14.35
epoch=2 step=55700 scheduled_removal=17/47 loss=0.050776 steps_per_second=14.36
epoch=2 step=55800 scheduled_removal=17/47 loss=0.048300 steps_per_second=14.33
epoch=2 step=55900 scheduled_removal=17/47 loss=0.044824 steps_per_second=14.36
epoch=2 step=56000 scheduled_removal=17/47 loss=0.044171 steps_per_second=14.34
epoch=2 step=56100 scheduled_removal=17/47 loss=0.040294 steps_per_second=14.37
epoch=2 step=56200 scheduled_removal=17/47 loss=0.038859 steps_per_second=14.35
epoch=2 step=56300 scheduled_removal=17/47 loss=0.037538 steps_per_second=14.37
epoch=2 step=56400 scheduled_removal=17/47 loss=0.034891 steps_per_second=14.39
epoch=2 step=56500 scheduled_removal=17/47 loss=0.034650 steps_per_second=14.42
epoch=2 step=56600 scheduled_removal=17/47 loss=0.032222 steps_per_second=14.35
epoch=2 step=56700 scheduled_removal=17/47 loss=0.031605 steps_per_second=14.38
epoch=2 step=56800 scheduled_removal=17/47 loss=0.029876 steps_per_second=14.37
epoch=2 step=56808 scheduled_removal=18 optimizer_reset=true
epoch=2 step=56900 scheduled_removal=18/47 loss=0.076985 steps_per_second=14.63
epoch=2 step=57000 scheduled_removal=18/47 loss=0.041633 steps_per_second=14.66
epoch=2 step=57100 scheduled_removal=18/47 loss=0.034942 steps_per_second=14.67
epoch=2 step=57200 scheduled_removal=18/47 loss=0.032283 steps_per_second=14.64
epoch=2 step=57300 scheduled_removal=18/47 loss=0.029215 steps_per_second=14.67
epoch=2 step=57400 scheduled_removal=18/47 loss=0.027095 steps_per_second=14.66
epoch=2 step=57500 scheduled_removal=18/47 loss=0.025878 steps_per_second=14.66
epoch=2 step=57600 scheduled_removal=18/47 loss=0.026827 steps_per_second=14.66
epoch=2 step=57700 scheduled_removal=18/47 loss=0.027326 steps_per_second=14.67
epoch=2 step=57800 scheduled_removal=18/47 loss=0.027804 steps_per_second=14.68
epoch=2 step=57900 scheduled_removal=18/47 loss=0.024094 steps_per_second=14.66
epoch=2 step=58000 scheduled_removal=18/47 loss=0.021647 steps_per_second=14.65
epoch=2 step=58100 scheduled_removal=18/47 loss=0.021376 steps_per_second=14.64
epoch=2 step=58200 scheduled_removal=18/47 loss=0.022300 steps_per_second=14.66
epoch=2 step=58300 scheduled_removal=18/47 loss=0.020425 steps_per_second=14.67
epoch=2 step=58400 scheduled_removal=18/47 loss=0.021298 steps_per_second=14.67
epoch=2 step=58500 scheduled_removal=18/47 loss=0.021481 steps_per_second=14.66
epoch=2 step=58600 scheduled_removal=18/47 loss=0.018782 steps_per_second=14.65
epoch=2 step=58700 scheduled_removal=18/47 loss=0.018675 steps_per_second=14.67
epoch=2 step=58800 scheduled_removal=18/47 loss=0.017879 steps_per_second=14.69
epoch=2 step=58900 scheduled_removal=18/47 loss=0.018005 steps_per_second=14.71
epoch=2 step=59000 scheduled_removal=18/47 loss=0.015793 steps_per_second=14.67
epoch=2 step=59100 scheduled_removal=18/47 loss=0.015839 steps_per_second=14.65
epoch=2 step=59200 scheduled_removal=18/47 loss=0.017254 steps_per_second=14.68
epoch=2 step=59300 scheduled_removal=18/47 loss=0.016984 steps_per_second=14.68
epoch=2 step=59400 scheduled_removal=18/47 loss=0.015769 steps_per_second=14.66
epoch=2 step=59500 scheduled_removal=18/47 loss=0.018617 steps_per_second=14.67
epoch=2 step=59600 scheduled_removal=18/47 loss=0.015844 steps_per_second=14.66
epoch=2 step=59700 scheduled_removal=18/47 loss=0.015294 steps_per_second=14.67
epoch=2 step=59800 scheduled_removal=18/47 loss=0.015038 steps_per_second=14.67
epoch=2 step=59900 scheduled_removal=18/47 loss=0.014083 steps_per_second=14.67
epoch=2 step=59964 scheduled_removal=19 optimizer_reset=true
epoch=2 step=60000 scheduled_removal=19/47 loss=0.024675 steps_per_second=14.69
epoch=2 step=60100 scheduled_removal=19/47 loss=0.016574 steps_per_second=14.77
epoch=2 step=60200 scheduled_removal=19/47 loss=0.013697 steps_per_second=14.77
epoch=2 step=60300 scheduled_removal=19/47 loss=0.013502 steps_per_second=14.77
epoch=2 step=60400 scheduled_removal=19/47 loss=0.013356 steps_per_second=14.76
epoch=2 step=60500 scheduled_removal=19/47 loss=0.012920 steps_per_second=14.77
epoch=2 step=60600 scheduled_removal=19/47 loss=0.013872 steps_per_second=14.75
epoch=2 step=60700 scheduled_removal=19/47 loss=0.012248 steps_per_second=14.76
epoch=2 step=60800 scheduled_removal=19/47 loss=0.012798 steps_per_second=14.77
epoch=2 step=60900 scheduled_removal=19/47 loss=0.013736 steps_per_second=14.78
epoch=2 step=61000 scheduled_removal=19/47 loss=0.013553 steps_per_second=14.75
epoch=2 step=61100 scheduled_removal=19/47 loss=0.012116 steps_per_second=14.79
epoch=2 step=61200 scheduled_removal=19/47 loss=0.010450 steps_per_second=14.78
epoch=2 step=61300 scheduled_removal=19/47 loss=0.011084 steps_per_second=14.76
epoch=2 step=61400 scheduled_removal=19/47 loss=0.011222 steps_per_second=14.78
epoch=2 step=61500 scheduled_removal=19/47 loss=0.010812 steps_per_second=14.80
epoch=2 step=61600 scheduled_removal=19/47 loss=0.011196 steps_per_second=14.79
epoch=2 step=61700 scheduled_removal=19/47 loss=0.011800 steps_per_second=14.80
epoch=2 step=61800 scheduled_removal=19/47 loss=0.009635 steps_per_second=14.77
epoch=2 step=61900 scheduled_removal=19/47 loss=0.009023 steps_per_second=14.76
epoch=2 step=62000 scheduled_removal=19/47 loss=0.010998 steps_per_second=14.77
epoch=2 step=62100 scheduled_removal=19/47 loss=0.012554 steps_per_second=14.77
epoch=2 step=62200 scheduled_removal=19/47 loss=0.010728 steps_per_second=14.76
epoch=2 step=62300 scheduled_removal=19/47 loss=0.017447 steps_per_second=14.77
epoch=2 step=62400 scheduled_removal=19/47 loss=0.012757 steps_per_second=14.78
epoch=2 step=62500 scheduled_removal=19/47 loss=0.008800 steps_per_second=14.78
epoch=2 step=62600 scheduled_removal=19/47 loss=0.008884 steps_per_second=14.76
epoch=2 step=62700 scheduled_removal=19/47 loss=0.008364 steps_per_second=14.82
epoch=2 step=62800 scheduled_removal=19/47 loss=0.009030 steps_per_second=14.76
epoch=2 step=62900 scheduled_removal=19/47 loss=0.009719 steps_per_second=14.79
epoch=2 step=63000 scheduled_removal=19/47 loss=0.008798 steps_per_second=14.77
epoch=2 step=63100 scheduled_removal=19/47 loss=0.008594 steps_per_second=14.75
epoch=2 step=63120 scheduled_removal=20 optimizer_reset=true
epoch=2 step=63200 scheduled_removal=20/47 loss=0.025290 steps_per_second=14.82
epoch=2 step=63300 scheduled_removal=20/47 loss=0.018862 steps_per_second=14.81
epoch=2 step=63400 scheduled_removal=20/47 loss=0.015816 steps_per_second=14.83
epoch=2 step=63500 scheduled_removal=20/47 loss=0.011912 steps_per_second=14.81
epoch=2 step=63600 scheduled_removal=20/47 loss=0.010638 steps_per_second=14.81
epoch=2 step=63700 scheduled_removal=20/47 loss=0.010045 steps_per_second=14.80
epoch=2 step=63800 scheduled_removal=20/47 loss=0.008868 steps_per_second=14.83
epoch=2 step=63900 scheduled_removal=20/47 loss=0.008761 steps_per_second=14.80
epoch=2 step=64000 scheduled_removal=20/47 loss=0.010631 steps_per_second=14.81
epoch=2 step=64100 scheduled_removal=20/47 loss=0.010053 steps_per_second=14.82
epoch=2 step=64200 scheduled_removal=20/47 loss=0.009175 steps_per_second=14.83
epoch=2 step=64300 scheduled_removal=20/47 loss=0.009718 steps_per_second=14.84
epoch=2 step=64400 scheduled_removal=20/47 loss=0.009993 steps_per_second=14.82
epoch=2 step=64500 scheduled_removal=20/47 loss=0.007919 steps_per_second=14.79
epoch=2 step=64600 scheduled_removal=20/47 loss=0.008126 steps_per_second=14.80
epoch=2 step=64700 scheduled_removal=20/47 loss=0.008975 steps_per_second=14.81
epoch=2 step=64800 scheduled_removal=20/47 loss=0.008713 steps_per_second=14.80
epoch=2 step=64900 scheduled_removal=20/47 loss=0.008198 steps_per_second=14.81
epoch=2 step=65000 scheduled_removal=20/47 loss=0.007388 steps_per_second=14.80
epoch=2 step=65100 scheduled_removal=20/47 loss=0.009160 steps_per_second=14.79
epoch=2 step=65200 scheduled_removal=20/47 loss=0.013239 steps_per_second=14.80
epoch=2 step=65300 scheduled_removal=20/47 loss=0.011784 steps_per_second=14.81
epoch=2 step=65400 scheduled_removal=20/47 loss=0.008961 steps_per_second=14.84
epoch=2 step=65500 scheduled_removal=20/47 loss=0.008071 steps_per_second=14.81
epoch=2 step=65600 scheduled_removal=20/47 loss=0.007070 steps_per_second=14.81
epoch=2 step=65700 scheduled_removal=20/47 loss=0.006690 steps_per_second=14.81
epoch=2 step=65800 scheduled_removal=20/47 loss=0.006478 steps_per_second=14.81
epoch=2 step=65900 scheduled_removal=20/47 loss=0.006128 steps_per_second=14.82
epoch=2 step=66000 scheduled_removal=20/47 loss=0.008196 steps_per_second=14.79
epoch=2 step=66100 scheduled_removal=20/47 loss=0.009847 steps_per_second=14.81
epoch=2 step=66200 scheduled_removal=20/47 loss=0.007395 steps_per_second=14.81
epoch=2 step=66276 scheduled_removal=21 optimizer_reset=true
epoch=2 step=66300 scheduled_removal=21/47 loss=0.012768 steps_per_second=14.85
epoch=2 step=66400 scheduled_removal=21/47 loss=0.012313 steps_per_second=14.95
epoch=2 step=66500 scheduled_removal=21/47 loss=0.010972 steps_per_second=14.98
epoch=2 step=66600 scheduled_removal=21/47 loss=0.014958 steps_per_second=15.00
epoch=2 step=66700 scheduled_removal=21/47 loss=0.007776 steps_per_second=14.96
epoch=2 step=66800 scheduled_removal=21/47 loss=0.007903 steps_per_second=14.98
epoch=2 step=66900 scheduled_removal=21/47 loss=0.009030 steps_per_second=14.91
epoch=2 step=67000 scheduled_removal=21/47 loss=0.010741 steps_per_second=14.94
epoch=2 step=67100 scheduled_removal=21/47 loss=0.013773 steps_per_second=15.00
epoch=2 step=67200 scheduled_removal=21/47 loss=0.012804 steps_per_second=14.94
epoch=2 step=67300 scheduled_removal=21/47 loss=0.008578 steps_per_second=14.92
epoch=2 step=67400 scheduled_removal=21/47 loss=0.008530 steps_per_second=14.98
epoch=2 step=67500 scheduled_removal=21/47 loss=0.008256 steps_per_second=14.93
epoch=2 step=67600 scheduled_removal=21/47 loss=0.008398 steps_per_second=14.92
epoch=2 step=67700 scheduled_removal=21/47 loss=0.007694 steps_per_second=14.93
epoch=2 step=67800 scheduled_removal=21/47 loss=0.009277 steps_per_second=14.93
epoch=2 step=67900 scheduled_removal=21/47 loss=0.009552 steps_per_second=14.92
epoch=2 step=68000 scheduled_removal=21/47 loss=0.007754 steps_per_second=14.93
epoch=2 step=68100 scheduled_removal=21/47 loss=0.008823 steps_per_second=14.93
epoch=2 step=68200 scheduled_removal=21/47 loss=0.008649 steps_per_second=14.92
epoch=2 step=68300 scheduled_removal=21/47 loss=0.009019 steps_per_second=14.94
epoch=2 step=68400 scheduled_removal=21/47 loss=0.010285 steps_per_second=14.93
epoch=2 step=68500 scheduled_removal=21/47 loss=0.007563 steps_per_second=14.95
epoch=2 step=68600 scheduled_removal=21/47 loss=0.006828 steps_per_second=14.95
epoch=2 step=68700 scheduled_removal=21/47 loss=0.010143 steps_per_second=14.95
epoch=2 step=68800 scheduled_removal=21/47 loss=0.008640 steps_per_second=14.92
epoch=2 step=68900 scheduled_removal=21/47 loss=0.007370 steps_per_second=14.94
epoch=2 step=69000 scheduled_removal=21/47 loss=0.007528 steps_per_second=14.93
epoch=2 step=69100 scheduled_removal=21/47 loss=0.008448 steps_per_second=14.93
epoch=2 step=69200 scheduled_removal=21/47 loss=0.007123 steps_per_second=14.87
epoch=2 step=69300 scheduled_removal=21/47 loss=0.007095 steps_per_second=14.93
epoch=2 step=69400 scheduled_removal=21/47 loss=0.007145 steps_per_second=14.95
epoch=2 step=69432 scheduled_removal=22 optimizer_reset=true
epoch=2 step=69500 scheduled_removal=22/47 loss=0.015484 steps_per_second=15.14
epoch=2 step=69600 scheduled_removal=22/47 loss=0.012202 steps_per_second=15.27
epoch=2 step=69700 scheduled_removal=22/47 loss=0.012163 steps_per_second=15.25
epoch=2 step=69800 scheduled_removal=22/47 loss=0.009450 steps_per_second=15.25
epoch=2 step=69900 scheduled_removal=22/47 loss=0.008672 steps_per_second=15.24
epoch=2 step=70000 scheduled_removal=22/47 loss=0.009887 steps_per_second=15.26
epoch=2 step=70100 scheduled_removal=22/47 loss=0.008193 steps_per_second=15.28
epoch=2 step=70200 scheduled_removal=22/47 loss=0.011010 steps_per_second=15.27
epoch=2 step=70300 scheduled_removal=22/47 loss=0.012820 steps_per_second=15.24
epoch=2 step=70400 scheduled_removal=22/47 loss=0.010075 steps_per_second=15.27
epoch=2 step=70500 scheduled_removal=22/47 loss=0.008088 steps_per_second=15.23
epoch=2 step=70600 scheduled_removal=22/47 loss=0.009365 steps_per_second=15.24
epoch=2 step=70700 scheduled_removal=22/47 loss=0.007986 steps_per_second=15.25
epoch=2 step=70800 scheduled_removal=22/47 loss=0.007839 steps_per_second=15.23
epoch=2 step=70900 scheduled_removal=22/47 loss=0.010344 steps_per_second=15.24
epoch=2 step=71000 scheduled_removal=22/47 loss=0.010246 steps_per_second=15.25
epoch=2 step=71100 scheduled_removal=22/47 loss=0.009136 steps_per_second=15.24
epoch=2 step=71200 scheduled_removal=22/47 loss=0.007557 steps_per_second=15.25
epoch=2 step=71300 scheduled_removal=22/47 loss=0.008076 steps_per_second=15.26
epoch=2 step=71400 scheduled_removal=22/47 loss=0.008761 steps_per_second=15.22
epoch=2 step=71500 scheduled_removal=22/47 loss=0.014061 steps_per_second=15.27
epoch=2 step=71600 scheduled_removal=22/47 loss=0.012781 steps_per_second=15.25
epoch=2 step=71700 scheduled_removal=22/47 loss=0.007902 steps_per_second=15.25
epoch=2 step=71800 scheduled_removal=22/47 loss=0.007683 steps_per_second=15.25
epoch=2 step=71900 scheduled_removal=22/47 loss=0.008682 steps_per_second=15.23
epoch=2 step=72000 scheduled_removal=22/47 loss=0.006362 steps_per_second=15.24
epoch=2 step=72100 scheduled_removal=22/47 loss=0.007735 steps_per_second=15.27
epoch=2 step=72200 scheduled_removal=22/47 loss=0.006443 steps_per_second=15.27
epoch=2 step=72300 scheduled_removal=22/47 loss=0.008318 steps_per_second=15.25
epoch=2 step=72400 scheduled_removal=22/47 loss=0.007687 steps_per_second=15.26
epoch=2 step=72500 scheduled_removal=22/47 loss=0.007598 steps_per_second=15.24
epoch=2 step=72588 scheduled_removal=23 optimizer_reset=true
epoch=2 step=72600 scheduled_removal=23/47 loss=0.018963 steps_per_second=15.26
epoch=2 step=72700 scheduled_removal=23/47 loss=0.030671 steps_per_second=15.39
epoch=2 step=72800 scheduled_removal=23/47 loss=0.024084 steps_per_second=15.39
epoch=2 step=72900 scheduled_removal=23/47 loss=0.015112 steps_per_second=15.36
epoch=2 step=73000 scheduled_removal=23/47 loss=0.021818 steps_per_second=15.36
epoch=2 step=73100 scheduled_removal=23/47 loss=0.014142 steps_per_second=15.39
epoch=2 step=73200 scheduled_removal=23/47 loss=0.012909 steps_per_second=15.37
epoch=2 step=73300 scheduled_removal=23/47 loss=0.016683 steps_per_second=15.40
epoch=2 step=73400 scheduled_removal=23/47 loss=0.011349 steps_per_second=15.35
epoch=2 step=73500 scheduled_removal=23/47 loss=0.014833 steps_per_second=15.40
epoch=2 step=73600 scheduled_removal=23/47 loss=0.011522 steps_per_second=15.39
epoch=2 step=73700 scheduled_removal=23/47 loss=0.014085 steps_per_second=15.41
epoch=2 step=73800 scheduled_removal=23/47 loss=0.016651 steps_per_second=15.41
epoch=2 step=73900 scheduled_removal=23/47 loss=0.015847 steps_per_second=15.38
epoch=2 step=74000 scheduled_removal=23/47 loss=0.013792 steps_per_second=15.38
epoch=2 step=74100 scheduled_removal=23/47 loss=0.013039 steps_per_second=15.40
epoch=2 step=74200 scheduled_removal=23/47 loss=0.012151 steps_per_second=15.41
epoch=2 step=74300 scheduled_removal=23/47 loss=0.013746 steps_per_second=15.39
epoch=2 step=74400 scheduled_removal=23/47 loss=0.012634 steps_per_second=15.39
epoch=2 step=74500 scheduled_removal=23/47 loss=0.014940 steps_per_second=15.42
epoch=2 step=74600 scheduled_removal=23/47 loss=0.011815 steps_per_second=15.37
epoch=2 step=74700 scheduled_removal=23/47 loss=0.012527 steps_per_second=15.39
epoch=2 step=74800 scheduled_removal=23/47 loss=0.012312 steps_per_second=15.39
epoch=2 step=74900 scheduled_removal=23/47 loss=0.012703 steps_per_second=15.45
epoch=2 step=75000 scheduled_removal=23/47 loss=0.015769 steps_per_second=15.40
epoch=2 step=75100 scheduled_removal=23/47 loss=0.014823 steps_per_second=15.39
epoch=2 step=75200 scheduled_removal=23/47 loss=0.011650 steps_per_second=15.39
epoch=2 step=75300 scheduled_removal=23/47 loss=0.011232 steps_per_second=15.39
epoch=2 step=75400 scheduled_removal=23/47 loss=0.012194 steps_per_second=15.37
epoch=2 step=75500 scheduled_removal=23/47 loss=0.011914 steps_per_second=15.41
epoch=2 step=75600 scheduled_removal=23/47 loss=0.010417 steps_per_second=15.41
epoch=2 step=75700 scheduled_removal=23/47 loss=0.011270 steps_per_second=15.39
epoch=2 step=75744 scheduled_removal=24 optimizer_reset=true
validation epoch=2 removed=24/47: 74/1000 (7.4000%)
epoch=3 step=75800 scheduled_removal=24/47 loss=0.070737 steps_per_second=31.13
epoch=3 step=75900 scheduled_removal=24/47 loss=0.101684 steps_per_second=15.50
epoch=3 step=76000 scheduled_removal=24/47 loss=0.069546 steps_per_second=15.52
epoch=3 step=76100 scheduled_removal=24/47 loss=0.066335 steps_per_second=15.53
epoch=3 step=76200 scheduled_removal=24/47 loss=0.063830 steps_per_second=15.52
epoch=3 step=76300 scheduled_removal=24/47 loss=0.061026 steps_per_second=15.48
epoch=3 step=76400 scheduled_removal=24/47 loss=0.059098 steps_per_second=15.44
epoch=3 step=76500 scheduled_removal=24/47 loss=0.059547 steps_per_second=15.45
epoch=3 step=76600 scheduled_removal=24/47 loss=0.058367 steps_per_second=15.49
epoch=3 step=76700 scheduled_removal=24/47 loss=0.058124 steps_per_second=15.51
epoch=3 step=76800 scheduled_removal=24/47 loss=0.057409 steps_per_second=15.44
epoch=3 step=76900 scheduled_removal=24/47 loss=0.055090 steps_per_second=15.47
epoch=3 step=77000 scheduled_removal=24/47 loss=0.059412 steps_per_second=15.47
epoch=3 step=77100 scheduled_removal=24/47 loss=0.057282 steps_per_second=15.48
epoch=3 step=77200 scheduled_removal=24/47 loss=0.056058 steps_per_second=15.48
epoch=3 step=77300 scheduled_removal=24/47 loss=0.057251 steps_per_second=15.44
epoch=3 step=77400 scheduled_removal=24/47 loss=0.054832 steps_per_second=15.51
epoch=3 step=77500 scheduled_removal=24/47 loss=0.055638 steps_per_second=15.45
epoch=3 step=77600 scheduled_removal=24/47 loss=0.054904 steps_per_second=15.45
epoch=3 step=77700 scheduled_removal=24/47 loss=0.052928 steps_per_second=15.47
epoch=3 step=77800 scheduled_removal=24/47 loss=0.052410 steps_per_second=15.47
epoch=3 step=77900 scheduled_removal=24/47 loss=0.052190 steps_per_second=15.47
epoch=3 step=78000 scheduled_removal=24/47 loss=0.053438 steps_per_second=15.47
epoch=3 step=78100 scheduled_removal=24/47 loss=0.048796 steps_per_second=15.47
epoch=3 step=78200 scheduled_removal=24/47 loss=0.050527 steps_per_second=15.48
epoch=3 step=78300 scheduled_removal=24/47 loss=0.050185 steps_per_second=15.47
epoch=3 step=78400 scheduled_removal=24/47 loss=0.052119 steps_per_second=15.47
epoch=3 step=78500 scheduled_removal=24/47 loss=0.049191 steps_per_second=15.47
epoch=3 step=78600 scheduled_removal=24/47 loss=0.049258 steps_per_second=15.46
epoch=3 step=78700 scheduled_removal=24/47 loss=0.049640 steps_per_second=15.46
epoch=3 step=78800 scheduled_removal=24/47 loss=0.050627 steps_per_second=15.47
epoch=3 step=78900 scheduled_removal=24/47 loss=0.044975 steps_per_second=15.50
epoch=3 step=78900 scheduled_removal=25 optimizer_reset=true
epoch=3 step=79000 scheduled_removal=25/47 loss=0.125161 steps_per_second=15.60
epoch=3 step=79100 scheduled_removal=25/47 loss=0.108064 steps_per_second=15.59
epoch=3 step=79200 scheduled_removal=25/47 loss=0.105127 steps_per_second=15.60
epoch=3 step=79300 scheduled_removal=25/47 loss=0.101386 steps_per_second=15.64
epoch=3 step=79400 scheduled_removal=25/47 loss=0.100495 steps_per_second=15.61
epoch=3 step=79500 scheduled_removal=25/47 loss=0.097043 steps_per_second=15.64
epoch=3 step=79600 scheduled_removal=25/47 loss=0.095497 steps_per_second=15.59
epoch=3 step=79700 scheduled_removal=25/47 loss=0.092023 steps_per_second=15.60
epoch=3 step=79800 scheduled_removal=25/47 loss=0.088109 steps_per_second=15.60
epoch=3 step=79900 scheduled_removal=25/47 loss=0.091377 steps_per_second=15.61
epoch=3 step=80000 scheduled_removal=25/47 loss=0.089234 steps_per_second=15.61
epoch=3 step=80100 scheduled_removal=25/47 loss=0.085732 steps_per_second=15.61
epoch=3 step=80200 scheduled_removal=25/47 loss=0.085404 steps_per_second=15.60
epoch=3 step=80300 scheduled_removal=25/47 loss=0.086955 steps_per_second=15.61
epoch=3 step=80400 scheduled_removal=25/47 loss=0.087039 steps_per_second=15.61
epoch=3 step=80500 scheduled_removal=25/47 loss=0.082415 steps_per_second=15.60
epoch=3 step=80600 scheduled_removal=25/47 loss=0.080488 steps_per_second=15.62
epoch=3 step=80700 scheduled_removal=25/47 loss=0.080324 steps_per_second=15.61
epoch=3 step=80800 scheduled_removal=25/47 loss=0.077757 steps_per_second=15.64
epoch=3 step=80900 scheduled_removal=25/47 loss=0.077645 steps_per_second=15.61
epoch=3 step=81000 scheduled_removal=25/47 loss=0.075933 steps_per_second=15.61
epoch=3 step=81100 scheduled_removal=25/47 loss=0.077016 steps_per_second=15.62
epoch=3 step=81200 scheduled_removal=25/47 loss=0.071238 steps_per_second=15.61
epoch=3 step=81300 scheduled_removal=25/47 loss=0.069986 steps_per_second=15.61
epoch=3 step=81400 scheduled_removal=25/47 loss=0.067025 steps_per_second=15.60
epoch=3 step=81500 scheduled_removal=25/47 loss=0.068720 steps_per_second=15.64
epoch=3 step=81600 scheduled_removal=25/47 loss=0.065735 steps_per_second=15.65
epoch=3 step=81700 scheduled_removal=25/47 loss=0.065377 steps_per_second=15.64
epoch=3 step=81800 scheduled_removal=25/47 loss=0.064977 steps_per_second=15.60
epoch=3 step=81900 scheduled_removal=25/47 loss=0.062963 steps_per_second=15.60
epoch=3 step=82000 scheduled_removal=25/47 loss=0.062911 steps_per_second=15.60
epoch=3 step=82056 scheduled_removal=26 optimizer_reset=true
epoch=3 step=82100 scheduled_removal=26/47 loss=0.111855 steps_per_second=16.09
epoch=3 step=82200 scheduled_removal=26/47 loss=0.118765 steps_per_second=16.78
epoch=3 step=82300 scheduled_removal=26/47 loss=0.109974 steps_per_second=16.78
epoch=3 step=82400 scheduled_removal=26/47 loss=0.104826 steps_per_second=16.81
epoch=3 step=82500 scheduled_removal=26/47 loss=0.102420 steps_per_second=16.77
epoch=3 step=82600 scheduled_removal=26/47 loss=0.100059 steps_per_second=16.77
epoch=3 step=82700 scheduled_removal=26/47 loss=0.097048 steps_per_second=16.77
epoch=3 step=82800 scheduled_removal=26/47 loss=0.093002 steps_per_second=16.76
epoch=3 step=82900 scheduled_removal=26/47 loss=0.089143 steps_per_second=16.79
epoch=3 step=83000 scheduled_removal=26/47 loss=0.084139 steps_per_second=16.75
epoch=3 step=83100 scheduled_removal=26/47 loss=0.085063 steps_per_second=16.79
epoch=3 step=83200 scheduled_removal=26/47 loss=0.083164 steps_per_second=16.76
epoch=3 step=83300 scheduled_removal=26/47 loss=0.079513 steps_per_second=16.79
epoch=3 step=83400 scheduled_removal=26/47 loss=0.082181 steps_per_second=16.79
epoch=3 step=83500 scheduled_removal=26/47 loss=0.072326 steps_per_second=16.75
epoch=3 step=83600 scheduled_removal=26/47 loss=0.072250 steps_per_second=16.80
epoch=3 step=83700 scheduled_removal=26/47 loss=0.069461 steps_per_second=16.81
epoch=3 step=83800 scheduled_removal=26/47 loss=0.068525 steps_per_second=16.78
epoch=3 step=83900 scheduled_removal=26/47 loss=0.069010 steps_per_second=16.79
epoch=3 step=84000 scheduled_removal=26/47 loss=0.068652 steps_per_second=16.80
epoch=3 step=84100 scheduled_removal=26/47 loss=0.064143 steps_per_second=16.82
epoch=3 step=84200 scheduled_removal=26/47 loss=0.060883 steps_per_second=16.81
epoch=3 step=84300 scheduled_removal=26/47 loss=0.059400 steps_per_second=16.80
epoch=3 step=84400 scheduled_removal=26/47 loss=0.061560 steps_per_second=16.79
epoch=3 step=84500 scheduled_removal=26/47 loss=0.056844 steps_per_second=16.79
epoch=3 step=84600 scheduled_removal=26/47 loss=0.058060 steps_per_second=16.77
epoch=3 step=84700 scheduled_removal=26/47 loss=0.054760 steps_per_second=16.81
epoch=3 step=84800 scheduled_removal=26/47 loss=0.049280 steps_per_second=16.84
epoch=3 step=84900 scheduled_removal=26/47 loss=0.052010 steps_per_second=16.81
epoch=3 step=85000 scheduled_removal=26/47 loss=0.050958 steps_per_second=16.79
epoch=3 step=85100 scheduled_removal=26/47 loss=0.052936 steps_per_second=16.78
epoch=3 step=85200 scheduled_removal=26/47 loss=0.048660 steps_per_second=16.77
epoch=3 step=85212 scheduled_removal=27 optimizer_reset=true
epoch=3 step=85300 scheduled_removal=27/47 loss=0.117119 steps_per_second=16.95
epoch=3 step=85400 scheduled_removal=27/47 loss=0.093859 steps_per_second=16.90
epoch=3 step=85500 scheduled_removal=27/47 loss=0.079941 steps_per_second=16.97
epoch=3 step=85600 scheduled_removal=27/47 loss=0.070077 steps_per_second=16.96
epoch=3 step=85700 scheduled_removal=27/47 loss=0.063433 steps_per_second=16.93
epoch=3 step=85800 scheduled_removal=27/47 loss=0.061259 steps_per_second=16.93
epoch=3 step=85900 scheduled_removal=27/47 loss=0.059321 steps_per_second=16.96
epoch=3 step=86000 scheduled_removal=27/47 loss=0.052976 steps_per_second=16.94
epoch=3 step=86100 scheduled_removal=27/47 loss=0.050802 steps_per_second=16.95
epoch=3 step=86200 scheduled_removal=27/47 loss=0.051129 steps_per_second=16.93
epoch=3 step=86300 scheduled_removal=27/47 loss=0.049242 steps_per_second=16.96
epoch=3 step=86400 scheduled_removal=27/47 loss=0.046339 steps_per_second=16.91
epoch=3 step=86500 scheduled_removal=27/47 loss=0.047809 steps_per_second=16.97
epoch=3 step=86600 scheduled_removal=27/47 loss=0.045644 steps_per_second=16.94
epoch=3 step=86700 scheduled_removal=27/47 loss=0.045596 steps_per_second=16.93
epoch=3 step=86800 scheduled_removal=27/47 loss=0.042106 steps_per_second=16.97
epoch=3 step=86900 scheduled_removal=27/47 loss=0.042577 steps_per_second=16.97
epoch=3 step=87000 scheduled_removal=27/47 loss=0.039368 steps_per_second=16.92
epoch=3 step=87100 scheduled_removal=27/47 loss=0.045121 steps_per_second=16.94
epoch=3 step=87200 scheduled_removal=27/47 loss=0.040722 steps_per_second=16.94
epoch=3 step=87300 scheduled_removal=27/47 loss=0.041156 steps_per_second=16.91
epoch=3 step=87400 scheduled_removal=27/47 loss=0.042407 steps_per_second=16.91
epoch=3 step=87500 scheduled_removal=27/47 loss=0.037995 steps_per_second=16.89
epoch=3 step=87600 scheduled_removal=27/47 loss=0.039143 steps_per_second=16.89
epoch=3 step=87700 scheduled_removal=27/47 loss=0.037626 steps_per_second=16.92
epoch=3 step=87800 scheduled_removal=27/47 loss=0.037962 steps_per_second=16.91
epoch=3 step=87900 scheduled_removal=27/47 loss=0.036734 steps_per_second=16.96
epoch=3 step=88000 scheduled_removal=27/47 loss=0.040037 steps_per_second=16.96
epoch=3 step=88100 scheduled_removal=27/47 loss=0.036202 steps_per_second=16.94
epoch=3 step=88200 scheduled_removal=27/47 loss=0.038937 steps_per_second=16.98
epoch=3 step=88300 scheduled_removal=27/47 loss=0.035843 steps_per_second=16.94
epoch=3 step=88368 scheduled_removal=28 optimizer_reset=true
epoch=3 step=88400 scheduled_removal=28/47 loss=0.057321 steps_per_second=16.93
epoch=3 step=88500 scheduled_removal=28/47 loss=0.048604 steps_per_second=16.95
epoch=3 step=88600 scheduled_removal=28/47 loss=0.048335 steps_per_second=16.94
epoch=3 step=88700 scheduled_removal=28/47 loss=0.047124 steps_per_second=16.96
epoch=3 step=88800 scheduled_removal=28/47 loss=0.045248 steps_per_second=16.95
epoch=3 step=88900 scheduled_removal=28/47 loss=0.045395 steps_per_second=16.97
epoch=3 step=89000 scheduled_removal=28/47 loss=0.043311 steps_per_second=16.98
epoch=3 step=89100 scheduled_removal=28/47 loss=0.045635 steps_per_second=16.95
epoch=3 step=89200 scheduled_removal=28/47 loss=0.043746 steps_per_second=16.92
epoch=3 step=89300 scheduled_removal=28/47 loss=0.036724 steps_per_second=16.95
epoch=3 step=89400 scheduled_removal=28/47 loss=0.041143 steps_per_second=16.95
epoch=3 step=89500 scheduled_removal=28/47 loss=0.040419 steps_per_second=16.93
epoch=3 step=89600 scheduled_removal=28/47 loss=0.041733 steps_per_second=16.96
epoch=3 step=89700 scheduled_removal=28/47 loss=0.043063 steps_per_second=17.02
epoch=3 step=89800 scheduled_removal=28/47 loss=0.039080 steps_per_second=16.95
epoch=3 step=89900 scheduled_removal=28/47 loss=0.040141 steps_per_second=16.96
epoch=3 step=90000 scheduled_removal=28/47 loss=0.037128 steps_per_second=16.96
epoch=3 step=90100 scheduled_removal=28/47 loss=0.040750 steps_per_second=16.98
epoch=3 step=90200 scheduled_removal=28/47 loss=0.041004 steps_per_second=16.99
epoch=3 step=90300 scheduled_removal=28/47 loss=0.037207 steps_per_second=16.96
epoch=3 step=90400 scheduled_removal=28/47 loss=0.040600 steps_per_second=16.94
epoch=3 step=90500 scheduled_removal=28/47 loss=0.037345 steps_per_second=16.93
epoch=3 step=90600 scheduled_removal=28/47 loss=0.039008 steps_per_second=16.92
epoch=3 step=90700 scheduled_removal=28/47 loss=0.037902 steps_per_second=16.95
epoch=3 step=90800 scheduled_removal=28/47 loss=0.035956 steps_per_second=16.92
epoch=3 step=90900 scheduled_removal=28/47 loss=0.037932 steps_per_second=16.98
epoch=3 step=91000 scheduled_removal=28/47 loss=0.038346 steps_per_second=16.98
epoch=3 step=91100 scheduled_removal=28/47 loss=0.038969 steps_per_second=16.95
epoch=3 step=91200 scheduled_removal=28/47 loss=0.033104 steps_per_second=16.93
epoch=3 step=91300 scheduled_removal=28/47 loss=0.043834 steps_per_second=16.99
epoch=3 step=91400 scheduled_removal=28/47 loss=0.034195 steps_per_second=16.96
epoch=3 step=91500 scheduled_removal=28/47 loss=0.034691 steps_per_second=16.96
epoch=3 step=91524 scheduled_removal=29 optimizer_reset=true
epoch=3 step=91600 scheduled_removal=29/47 loss=0.326023 steps_per_second=17.06
epoch=3 step=91700 scheduled_removal=29/47 loss=0.351952 steps_per_second=17.09
epoch=3 step=91800 scheduled_removal=29/47 loss=0.301709 steps_per_second=17.06
epoch=3 step=91900 scheduled_removal=29/47 loss=0.253000 steps_per_second=17.11
epoch=3 step=92000 scheduled_removal=29/47 loss=0.221548 steps_per_second=17.08
epoch=3 step=92100 scheduled_removal=29/47 loss=0.195539 steps_per_second=17.10
epoch=3 step=92200 scheduled_removal=29/47 loss=0.156783 steps_per_second=17.07
epoch=3 step=92300 scheduled_removal=29/47 loss=0.088193 steps_per_second=17.08
epoch=3 step=92400 scheduled_removal=29/47 loss=0.068575 steps_per_second=17.12
epoch=3 step=92500 scheduled_removal=29/47 loss=0.072033 steps_per_second=17.12
epoch=3 step=92600 scheduled_removal=29/47 loss=0.065322 steps_per_second=17.07
epoch=3 step=92700 scheduled_removal=29/47 loss=0.061674 steps_per_second=17.10
epoch=3 step=92800 scheduled_removal=29/47 loss=0.060125 steps_per_second=17.05
epoch=3 step=92900 scheduled_removal=29/47 loss=0.063905 steps_per_second=17.10
epoch=3 step=93000 scheduled_removal=29/47 loss=0.055067 steps_per_second=17.13
epoch=3 step=93100 scheduled_removal=29/47 loss=0.061588 steps_per_second=17.13
epoch=3 step=93200 scheduled_removal=29/47 loss=0.057963 steps_per_second=17.12
epoch=3 step=93300 scheduled_removal=29/47 loss=0.058253 steps_per_second=17.10
epoch=3 step=93400 scheduled_removal=29/47 loss=0.060560 steps_per_second=17.16
epoch=3 step=93500 scheduled_removal=29/47 loss=0.049789 steps_per_second=17.13
epoch=3 step=93600 scheduled_removal=29/47 loss=0.056860 steps_per_second=17.11
epoch=3 step=93700 scheduled_removal=29/47 loss=0.064084 steps_per_second=17.11
epoch=3 step=93800 scheduled_removal=29/47 loss=0.051375 steps_per_second=17.14
epoch=3 step=93900 scheduled_removal=29/47 loss=0.057623 steps_per_second=17.11
epoch=3 step=94000 scheduled_removal=29/47 loss=0.060441 steps_per_second=17.11
epoch=3 step=94100 scheduled_removal=29/47 loss=0.058681 steps_per_second=17.09
epoch=3 step=94200 scheduled_removal=29/47 loss=0.058799 steps_per_second=17.10
epoch=3 step=94300 scheduled_removal=29/47 loss=0.049139 steps_per_second=17.09
epoch=3 step=94400 scheduled_removal=29/47 loss=0.051159 steps_per_second=17.15
epoch=3 step=94500 scheduled_removal=29/47 loss=0.058770 steps_per_second=17.12
epoch=3 step=94600 scheduled_removal=29/47 loss=0.056034 steps_per_second=17.13
epoch=3 step=94680 scheduled_removal=30 optimizer_reset=true
epoch=3 step=94700 scheduled_removal=30/47 loss=0.165322 steps_per_second=17.21
epoch=3 step=94800 scheduled_removal=30/47 loss=0.265495 steps_per_second=17.73
epoch=3 step=94900 scheduled_removal=30/47 loss=0.127961 steps_per_second=17.72
epoch=3 step=95000 scheduled_removal=30/47 loss=0.106634 steps_per_second=17.71
epoch=3 step=95100 scheduled_removal=30/47 loss=0.081440 steps_per_second=17.72
epoch=3 step=95200 scheduled_removal=30/47 loss=0.065572 steps_per_second=17.67
epoch=3 step=95300 scheduled_removal=30/47 loss=0.060278 steps_per_second=17.70
epoch=3 step=95400 scheduled_removal=30/47 loss=0.055158 steps_per_second=17.67
epoch=3 step=95500 scheduled_removal=30/47 loss=0.056996 steps_per_second=17.66
epoch=3 step=95600 scheduled_removal=30/47 loss=0.057838 steps_per_second=17.66
epoch=3 step=95700 scheduled_removal=30/47 loss=0.052542 steps_per_second=17.69
epoch=3 step=95800 scheduled_removal=30/47 loss=0.057367 steps_per_second=17.68
epoch=3 step=95900 scheduled_removal=30/47 loss=0.054290 steps_per_second=17.64
epoch=3 step=96000 scheduled_removal=30/47 loss=0.060233 steps_per_second=17.74
epoch=3 step=96100 scheduled_removal=30/47 loss=0.052634 steps_per_second=17.67
epoch=3 step=96200 scheduled_removal=30/47 loss=0.050655 steps_per_second=17.69
epoch=3 step=96300 scheduled_removal=30/47 loss=0.051404 steps_per_second=17.64
epoch=3 step=96400 scheduled_removal=30/47 loss=0.051026 steps_per_second=17.69
epoch=3 step=96500 scheduled_removal=30/47 loss=0.048099 steps_per_second=17.65
epoch=3 step=96600 scheduled_removal=30/47 loss=0.053026 steps_per_second=17.66
epoch=3 step=96700 scheduled_removal=30/47 loss=0.054408 steps_per_second=17.68
epoch=3 step=96800 scheduled_removal=30/47 loss=0.056177 steps_per_second=17.70
epoch=3 step=96900 scheduled_removal=30/47 loss=0.049210 steps_per_second=17.71
epoch=3 step=97000 scheduled_removal=30/47 loss=0.051006 steps_per_second=17.68
epoch=3 step=97100 scheduled_removal=30/47 loss=0.054248 steps_per_second=17.77
epoch=3 step=97200 scheduled_removal=30/47 loss=0.046149 steps_per_second=17.72
epoch=3 step=97300 scheduled_removal=30/47 loss=0.051139 steps_per_second=17.72
epoch=3 step=97400 scheduled_removal=30/47 loss=0.047065 steps_per_second=17.70
epoch=3 step=97500 scheduled_removal=30/47 loss=0.050520 steps_per_second=17.69
epoch=3 step=97600 scheduled_removal=30/47 loss=0.046397 steps_per_second=17.70
epoch=3 step=97700 scheduled_removal=30/47 loss=0.044048 steps_per_second=17.74
epoch=3 step=97800 scheduled_removal=30/47 loss=0.050381 steps_per_second=17.60
epoch=3 step=97836 scheduled_removal=31 optimizer_reset=true
epoch=3 step=97900 scheduled_removal=31/47 loss=0.293468 steps_per_second=17.67
epoch=3 step=98000 scheduled_removal=31/47 loss=0.141401 steps_per_second=17.71
epoch=3 step=98100 scheduled_removal=31/47 loss=0.114424 steps_per_second=17.75
epoch=3 step=98200 scheduled_removal=31/47 loss=0.099468 steps_per_second=17.74
epoch=3 step=98300 scheduled_removal=31/47 loss=0.080424 steps_per_second=17.33
epoch=3 step=98400 scheduled_removal=31/47 loss=0.067376 steps_per_second=17.38
epoch=3 step=98500 scheduled_removal=31/47 loss=0.059877 steps_per_second=17.31
epoch=3 step=98600 scheduled_removal=31/47 loss=0.059034 steps_per_second=17.37
epoch=3 step=98700 scheduled_removal=31/47 loss=0.059164 steps_per_second=17.31
epoch=3 step=98800 scheduled_removal=31/47 loss=0.059156 steps_per_second=17.45
epoch=3 step=98900 scheduled_removal=31/47 loss=0.052104 steps_per_second=17.49
epoch=3 step=99000 scheduled_removal=31/47 loss=0.053373 steps_per_second=17.49
epoch=3 step=99100 scheduled_removal=31/47 loss=0.063606 steps_per_second=17.50
epoch=3 step=99200 scheduled_removal=31/47 loss=0.050297 steps_per_second=17.40
epoch=3 step=99300 scheduled_removal=31/47 loss=0.055969 steps_per_second=17.47
epoch=3 step=99400 scheduled_removal=31/47 loss=0.049567 steps_per_second=17.44
epoch=3 step=99500 scheduled_removal=31/47 loss=0.053426 steps_per_second=17.46
epoch=3 step=99600 scheduled_removal=31/47 loss=0.049277 steps_per_second=17.36
epoch=3 step=99700 scheduled_removal=31/47 loss=0.052238 steps_per_second=17.32
epoch=3 step=99800 scheduled_removal=31/47 loss=0.052336 steps_per_second=17.34
epoch=3 step=99900 scheduled_removal=31/47 loss=0.054540 steps_per_second=17.45
epoch=3 step=100000 scheduled_removal=31/47 loss=0.053533 steps_per_second=17.47
epoch=3 step=100100 scheduled_removal=31/47 loss=0.048083 steps_per_second=17.46
epoch=3 step=100200 scheduled_removal=31/47 loss=0.052881 steps_per_second=17.40
epoch=3 step=100300 scheduled_removal=31/47 loss=0.051285 steps_per_second=17.41
epoch=3 step=100400 scheduled_removal=31/47 loss=0.049241 steps_per_second=17.46
epoch=3 step=100500 scheduled_removal=31/47 loss=0.053502 steps_per_second=17.49
epoch=3 step=100600 scheduled_removal=31/47 loss=0.049824 steps_per_second=17.48
epoch=3 step=100700 scheduled_removal=31/47 loss=0.050199 steps_per_second=17.42
epoch=3 step=100800 scheduled_removal=31/47 loss=0.048359 steps_per_second=17.40
epoch=3 step=100900 scheduled_removal=31/47 loss=0.049491 steps_per_second=17.37
epoch=3 step=100992 scheduled_removal=32 optimizer_reset=true
epoch=3 step=101000 scheduled_removal=32/47 loss=0.110965 steps_per_second=17.46
validation epoch=3 removed=32/47: 7/1000 (0.7000%)
epoch=4 step=101100 scheduled_removal=32/47 loss=0.267014 steps_per_second=17.35
epoch=4 step=101200 scheduled_removal=32/47 loss=0.119440 steps_per_second=17.28
epoch=4 step=101300 scheduled_removal=32/47 loss=0.070666 steps_per_second=17.28
epoch=4 step=101400 scheduled_removal=32/47 loss=0.054547 steps_per_second=17.27
epoch=4 step=101500 scheduled_removal=32/47 loss=0.055802 steps_per_second=17.28
epoch=4 step=101600 scheduled_removal=32/47 loss=0.055203 steps_per_second=17.28
epoch=4 step=101700 scheduled_removal=32/47 loss=0.052979 steps_per_second=17.30
epoch=4 step=101800 scheduled_removal=32/47 loss=0.052817 steps_per_second=17.29
epoch=4 step=101900 scheduled_removal=32/47 loss=0.049908 steps_per_second=17.28
epoch=4 step=102000 scheduled_removal=32/47 loss=0.051718 steps_per_second=17.31
epoch=4 step=102100 scheduled_removal=32/47 loss=0.048398 steps_per_second=17.31
epoch=4 step=102200 scheduled_removal=32/47 loss=0.048784 steps_per_second=17.30
epoch=4 step=102300 scheduled_removal=32/47 loss=0.046962 steps_per_second=17.27
epoch=4 step=102400 scheduled_removal=32/47 loss=0.051658 steps_per_second=17.34
epoch=4 step=102500 scheduled_removal=32/47 loss=0.046725 steps_per_second=17.28
epoch=4 step=102600 scheduled_removal=32/47 loss=0.049666 steps_per_second=17.33
epoch=4 step=102700 scheduled_removal=32/47 loss=0.046717 steps_per_second=17.34
epoch=4 step=102800 scheduled_removal=32/47 loss=0.049444 steps_per_second=17.31
epoch=4 step=102900 scheduled_removal=32/47 loss=0.048051 steps_per_second=17.33
epoch=4 step=103000 scheduled_removal=32/47 loss=0.051123 steps_per_second=17.32
epoch=4 step=103100 scheduled_removal=32/47 loss=0.047725 steps_per_second=17.38
epoch=4 step=103200 scheduled_removal=32/47 loss=0.047574 steps_per_second=17.32
epoch=4 step=103300 scheduled_removal=32/47 loss=0.045034 steps_per_second=17.34
epoch=4 step=103400 scheduled_removal=32/47 loss=0.047920 steps_per_second=17.33
epoch=4 step=103500 scheduled_removal=32/47 loss=0.045548 steps_per_second=17.38
epoch=4 step=103600 scheduled_removal=32/47 loss=0.047712 steps_per_second=17.35
epoch=4 step=103700 scheduled_removal=32/47 loss=0.046935 steps_per_second=17.39
epoch=4 step=103800 scheduled_removal=32/47 loss=0.046370 steps_per_second=17.35
epoch=4 step=103900 scheduled_removal=32/47 loss=0.047997 steps_per_second=17.31
epoch=4 step=104000 scheduled_removal=32/47 loss=0.049186 steps_per_second=17.37
epoch=4 step=104100 scheduled_removal=32/47 loss=0.044016 steps_per_second=17.35
epoch=4 step=104148 scheduled_removal=33 optimizer_reset=true
epoch=4 step=104200 scheduled_removal=33/47 loss=0.176920 steps_per_second=17.37
epoch=4 step=104300 scheduled_removal=33/47 loss=0.144916 steps_per_second=17.53
epoch=4 step=104400 scheduled_removal=33/47 loss=0.122527 steps_per_second=17.52
epoch=4 step=104500 scheduled_removal=33/47 loss=0.121121 steps_per_second=17.42
epoch=4 step=104600 scheduled_removal=33/47 loss=0.121570 steps_per_second=17.48
epoch=4 step=104700 scheduled_removal=33/47 loss=0.124388 steps_per_second=17.51
epoch=4 step=104800 scheduled_removal=33/47 loss=0.122789 steps_per_second=17.51
epoch=4 step=104900 scheduled_removal=33/47 loss=0.120544 steps_per_second=17.50
epoch=4 step=105000 scheduled_removal=33/47 loss=0.120327 steps_per_second=17.56
epoch=4 step=105100 scheduled_removal=33/47 loss=0.120734 steps_per_second=17.43
epoch=4 step=105200 scheduled_removal=33/47 loss=0.122372 steps_per_second=17.50
epoch=4 step=105300 scheduled_removal=33/47 loss=0.118695 steps_per_second=17.51
epoch=4 step=105400 scheduled_removal=33/47 loss=0.121810 steps_per_second=17.43
epoch=4 step=105500 scheduled_removal=33/47 loss=0.118453 steps_per_second=17.49
epoch=4 step=105600 scheduled_removal=33/47 loss=0.120172 steps_per_second=17.48
epoch=4 step=105700 scheduled_removal=33/47 loss=0.119469 steps_per_second=17.44
epoch=4 step=105800 scheduled_removal=33/47 loss=0.119780 steps_per_second=17.47
epoch=4 step=105900 scheduled_removal=33/47 loss=0.119690 steps_per_second=17.41
epoch=4 step=106000 scheduled_removal=33/47 loss=0.120106 steps_per_second=17.52
epoch=4 step=106100 scheduled_removal=33/47 loss=0.118210 steps_per_second=17.48
epoch=4 step=106200 scheduled_removal=33/47 loss=0.118131 steps_per_second=17.53
epoch=4 step=106300 scheduled_removal=33/47 loss=0.118806 steps_per_second=17.51
epoch=4 step=106400 scheduled_removal=33/47 loss=0.115333 steps_per_second=17.50
epoch=4 step=106500 scheduled_removal=33/47 loss=0.115910 steps_per_second=17.50
epoch=4 step=106600 scheduled_removal=33/47 loss=0.116762 steps_per_second=17.50
epoch=4 step=106700 scheduled_removal=33/47 loss=0.116029 steps_per_second=17.53
epoch=4 step=106800 scheduled_removal=33/47 loss=0.111937 steps_per_second=17.49
epoch=4 step=106900 scheduled_removal=33/47 loss=0.112877 steps_per_second=17.45
epoch=4 step=107000 scheduled_removal=33/47 loss=0.114735 steps_per_second=17.51
epoch=4 step=107100 scheduled_removal=33/47 loss=0.111950 steps_per_second=17.51
epoch=4 step=107200 scheduled_removal=33/47 loss=0.106663 steps_per_second=17.48
epoch=4 step=107300 scheduled_removal=33/47 loss=0.099756 steps_per_second=17.52
epoch=4 step=107304 scheduled_removal=34 optimizer_reset=true
epoch=4 step=107400 scheduled_removal=34/47 loss=0.275722 steps_per_second=17.72
epoch=4 step=107500 scheduled_removal=34/47 loss=0.213258 steps_per_second=17.72
epoch=4 step=107600 scheduled_removal=34/47 loss=0.170645 steps_per_second=17.77
epoch=4 step=107700 scheduled_removal=34/47 loss=0.153120 steps_per_second=17.75
epoch=4 step=107800 scheduled_removal=34/47 loss=0.144195 steps_per_second=17.82
epoch=4 step=107900 scheduled_removal=34/47 loss=0.139756 steps_per_second=17.87
epoch=4 step=108000 scheduled_removal=34/47 loss=0.134977 steps_per_second=17.81
epoch=4 step=108100 scheduled_removal=34/47 loss=0.132765 steps_per_second=17.86
epoch=4 step=108200 scheduled_removal=34/47 loss=0.132306 steps_per_second=17.81
epoch=4 step=108300 scheduled_removal=34/47 loss=0.130377 steps_per_second=17.76
epoch=4 step=108400 scheduled_removal=34/47 loss=0.129534 steps_per_second=17.83
epoch=4 step=108500 scheduled_removal=34/47 loss=0.125236 steps_per_second=17.76
epoch=4 step=108600 scheduled_removal=34/47 loss=0.093603 steps_per_second=17.74
epoch=4 step=108700 scheduled_removal=34/47 loss=0.063772 steps_per_second=17.95
epoch=4 step=108800 scheduled_removal=34/47 loss=0.059851 steps_per_second=17.76
epoch=4 step=108900 scheduled_removal=34/47 loss=0.050977 steps_per_second=17.74
epoch=4 step=109000 scheduled_removal=34/47 loss=0.051562 steps_per_second=17.75
epoch=4 step=109100 scheduled_removal=34/47 loss=0.052638 steps_per_second=17.74
epoch=4 step=109200 scheduled_removal=34/47 loss=0.045288 steps_per_second=17.73
epoch=4 step=109300 scheduled_removal=34/47 loss=0.046998 steps_per_second=17.72
epoch=4 step=109400 scheduled_removal=34/47 loss=0.049422 steps_per_second=17.73
epoch=4 step=109500 scheduled_removal=34/47 loss=0.047619 steps_per_second=17.72
epoch=4 step=109600 scheduled_removal=34/47 loss=0.044047 steps_per_second=17.74
epoch=4 step=109700 scheduled_removal=34/47 loss=0.043539 steps_per_second=17.73
epoch=4 step=109800 scheduled_removal=34/47 loss=0.044596 steps_per_second=17.72
epoch=4 step=109900 scheduled_removal=34/47 loss=0.040693 steps_per_second=17.71
epoch=4 step=110000 scheduled_removal=34/47 loss=0.043330 steps_per_second=17.76
epoch=4 step=110100 scheduled_removal=34/47 loss=0.044465 steps_per_second=17.74
epoch=4 step=110200 scheduled_removal=34/47 loss=0.040968 steps_per_second=17.73
epoch=4 step=110300 scheduled_removal=34/47 loss=0.045176 steps_per_second=17.71
epoch=4 step=110400 scheduled_removal=34/47 loss=0.040770 steps_per_second=17.73
epoch=4 step=110460 scheduled_removal=35 optimizer_reset=true
epoch=4 step=110500 scheduled_removal=35/47 loss=0.110743 steps_per_second=17.77
epoch=4 step=110600 scheduled_removal=35/47 loss=0.127913 steps_per_second=17.83
epoch=4 step=110700 scheduled_removal=35/47 loss=0.081438 steps_per_second=17.86
epoch=4 step=110800 scheduled_removal=35/47 loss=0.048590 steps_per_second=17.86
epoch=4 step=110900 scheduled_removal=35/47 loss=0.042240 steps_per_second=17.84
epoch=4 step=111000 scheduled_removal=35/47 loss=0.040324 steps_per_second=17.85
epoch=4 step=111100 scheduled_removal=35/47 loss=0.036205 steps_per_second=17.88
epoch=4 step=111200 scheduled_removal=35/47 loss=0.041220 steps_per_second=17.82
epoch=4 step=111300 scheduled_removal=35/47 loss=0.038843 steps_per_second=17.83
epoch=4 step=111400 scheduled_removal=35/47 loss=0.036866 steps_per_second=17.82
epoch=4 step=111500 scheduled_removal=35/47 loss=0.038475 steps_per_second=17.82
epoch=4 step=111600 scheduled_removal=35/47 loss=0.038536 steps_per_second=17.83
epoch=4 step=111700 scheduled_removal=35/47 loss=0.034958 steps_per_second=17.86
epoch=4 step=111800 scheduled_removal=35/47 loss=0.032342 steps_per_second=17.86
epoch=4 step=111900 scheduled_removal=35/47 loss=0.035041 steps_per_second=17.84
epoch=4 step=112000 scheduled_removal=35/47 loss=0.033560 steps_per_second=17.84
epoch=4 step=112100 scheduled_removal=35/47 loss=0.030958 steps_per_second=17.85
epoch=4 step=112200 scheduled_removal=35/47 loss=0.032045 steps_per_second=17.88
epoch=4 step=112300 scheduled_removal=35/47 loss=0.032721 steps_per_second=17.87
epoch=4 step=112400 scheduled_removal=35/47 loss=0.033846 steps_per_second=17.90
epoch=4 step=112500 scheduled_removal=35/47 loss=0.030649 steps_per_second=17.85
epoch=4 step=112600 scheduled_removal=35/47 loss=0.032629 steps_per_second=17.85
epoch=4 step=112700 scheduled_removal=35/47 loss=0.033970 steps_per_second=17.85
epoch=4 step=112800 scheduled_removal=35/47 loss=0.032488 steps_per_second=17.90
epoch=4 step=112900 scheduled_removal=35/47 loss=0.030486 steps_per_second=17.89
epoch=4 step=113000 scheduled_removal=35/47 loss=0.029769 steps_per_second=17.86
epoch=4 step=113100 scheduled_removal=35/47 loss=0.032820 steps_per_second=17.82
epoch=4 step=113200 scheduled_removal=35/47 loss=0.030108 steps_per_second=17.89
epoch=4 step=113300 scheduled_removal=35/47 loss=0.036959 steps_per_second=17.87
epoch=4 step=113400 scheduled_removal=35/47 loss=0.032242 steps_per_second=17.87
epoch=4 step=113500 scheduled_removal=35/47 loss=0.027223 steps_per_second=17.92
epoch=4 step=113600 scheduled_removal=35/47 loss=0.027569 steps_per_second=17.89
epoch=4 step=113616 scheduled_removal=36 optimizer_reset=true
epoch=4 step=113700 scheduled_removal=36/47 loss=0.049738 steps_per_second=17.67
epoch=4 step=113800 scheduled_removal=36/47 loss=0.027583 steps_per_second=17.60
epoch=4 step=113900 scheduled_removal=36/47 loss=0.029378 steps_per_second=17.60
epoch=4 step=114000 scheduled_removal=36/47 loss=0.027353 steps_per_second=17.57
epoch=4 step=114100 scheduled_removal=36/47 loss=0.027411 steps_per_second=17.57
epoch=4 step=114200 scheduled_removal=36/47 loss=0.031395 steps_per_second=17.56
epoch=4 step=114300 scheduled_removal=36/47 loss=0.029659 steps_per_second=17.57
epoch=4 step=114400 scheduled_removal=36/47 loss=0.027651 steps_per_second=17.57
epoch=4 step=114500 scheduled_removal=36/47 loss=0.029289 steps_per_second=17.57
epoch=4 step=114600 scheduled_removal=36/47 loss=0.025961 steps_per_second=17.56
epoch=4 step=114700 scheduled_removal=36/47 loss=0.029254 steps_per_second=17.56
epoch=4 step=114800 scheduled_removal=36/47 loss=0.028228 steps_per_second=17.61
epoch=4 step=114900 scheduled_removal=36/47 loss=0.028698 steps_per_second=17.54
epoch=4 step=115000 scheduled_removal=36/47 loss=0.027425 steps_per_second=17.56
epoch=4 step=115100 scheduled_removal=36/47 loss=0.022752 steps_per_second=17.56
epoch=4 step=115200 scheduled_removal=36/47 loss=0.027141 steps_per_second=17.56
epoch=4 step=115300 scheduled_removal=36/47 loss=0.024445 steps_per_second=17.57
epoch=4 step=115400 scheduled_removal=36/47 loss=0.023667 steps_per_second=17.58
epoch=4 step=115500 scheduled_removal=36/47 loss=0.026221 steps_per_second=17.56
epoch=4 step=115600 scheduled_removal=36/47 loss=0.031245 steps_per_second=17.57
epoch=4 step=115700 scheduled_removal=36/47 loss=0.027638 steps_per_second=17.56
epoch=4 step=115800 scheduled_removal=36/47 loss=0.025383 steps_per_second=17.58
epoch=4 step=115900 scheduled_removal=36/47 loss=0.022677 steps_per_second=17.55
epoch=4 step=116000 scheduled_removal=36/47 loss=0.027544 steps_per_second=17.58
epoch=4 step=116100 scheduled_removal=36/47 loss=0.025674 steps_per_second=17.60
epoch=4 step=116200 scheduled_removal=36/47 loss=0.023902 steps_per_second=17.59
epoch=4 step=116300 scheduled_removal=36/47 loss=0.025430 steps_per_second=17.57
epoch=4 step=116400 scheduled_removal=36/47 loss=0.026480 steps_per_second=17.64
epoch=4 step=116500 scheduled_removal=36/47 loss=0.026163 steps_per_second=17.57
epoch=4 step=116600 scheduled_removal=36/47 loss=0.023494 steps_per_second=17.58
epoch=4 step=116700 scheduled_removal=36/47 loss=0.020703 steps_per_second=17.57
epoch=4 step=116772 scheduled_removal=37 optimizer_reset=true
epoch=4 step=116800 scheduled_removal=37/47 loss=0.044423 steps_per_second=17.61
epoch=4 step=116900 scheduled_removal=37/47 loss=0.038078 steps_per_second=17.78
epoch=4 step=117000 scheduled_removal=37/47 loss=0.042722 steps_per_second=17.74
epoch=4 step=117100 scheduled_removal=37/47 loss=0.033246 steps_per_second=17.74
epoch=4 step=117200 scheduled_removal=37/47 loss=0.033418 steps_per_second=17.74
epoch=4 step=117300 scheduled_removal=37/47 loss=0.029237 steps_per_second=17.72
epoch=4 step=117400 scheduled_removal=37/47 loss=0.027939 steps_per_second=17.75
epoch=4 step=117500 scheduled_removal=37/47 loss=0.022743 steps_per_second=17.73
epoch=4 step=117600 scheduled_removal=37/47 loss=0.025408 steps_per_second=17.72
epoch=4 step=117700 scheduled_removal=37/47 loss=0.021794 steps_per_second=17.73
epoch=4 step=117800 scheduled_removal=37/47 loss=0.023932 steps_per_second=17.74
epoch=4 step=117900 scheduled_removal=37/47 loss=0.026438 steps_per_second=17.69
epoch=4 step=118000 scheduled_removal=37/47 loss=0.028561 steps_per_second=17.71
epoch=4 step=118100 scheduled_removal=37/47 loss=0.030393 steps_per_second=17.73
epoch=4 step=118200 scheduled_removal=37/47 loss=0.026034 steps_per_second=17.74
epoch=4 step=118300 scheduled_removal=37/47 loss=0.023663 steps_per_second=17.73
epoch=4 step=118400 scheduled_removal=37/47 loss=0.022758 steps_per_second=17.74
epoch=4 step=118500 scheduled_removal=37/47 loss=0.022471 steps_per_second=17.71
epoch=4 step=118600 scheduled_removal=37/47 loss=0.025511 steps_per_second=17.74
epoch=4 step=118700 scheduled_removal=37/47 loss=0.027352 steps_per_second=17.73
epoch=4 step=118800 scheduled_removal=37/47 loss=0.022626 steps_per_second=17.73
epoch=4 step=118900 scheduled_removal=37/47 loss=0.023208 steps_per_second=17.73
epoch=4 step=119000 scheduled_removal=37/47 loss=0.025044 steps_per_second=17.73
epoch=4 step=119100 scheduled_removal=37/47 loss=0.024246 steps_per_second=17.73
epoch=4 step=119200 scheduled_removal=37/47 loss=0.029194 steps_per_second=17.74
epoch=4 step=119300 scheduled_removal=37/47 loss=0.026037 steps_per_second=17.72
epoch=4 step=119400 scheduled_removal=37/47 loss=0.025568 steps_per_second=17.71
epoch=4 step=119500 scheduled_removal=37/47 loss=0.023377 steps_per_second=17.75
epoch=4 step=119600 scheduled_removal=37/47 loss=0.022385 steps_per_second=17.74
epoch=4 step=119700 scheduled_removal=37/47 loss=0.022528 steps_per_second=17.75
epoch=4 step=119800 scheduled_removal=37/47 loss=0.023270 steps_per_second=17.71
epoch=4 step=119900 scheduled_removal=37/47 loss=0.024193 steps_per_second=17.71
epoch=4 step=119928 scheduled_removal=38 optimizer_reset=true
epoch=4 step=120000 scheduled_removal=38/47 loss=0.041672 steps_per_second=18.41
epoch=4 step=120100 scheduled_removal=38/47 loss=0.026597 steps_per_second=18.72
epoch=4 step=120200 scheduled_removal=38/47 loss=0.028237 steps_per_second=18.72
epoch=4 step=120300 scheduled_removal=38/47 loss=0.030341 steps_per_second=18.77
epoch=4 step=120400 scheduled_removal=38/47 loss=0.023465 steps_per_second=18.73
epoch=4 step=120500 scheduled_removal=38/47 loss=0.035163 steps_per_second=18.70
epoch=4 step=120600 scheduled_removal=38/47 loss=0.028371 steps_per_second=18.80
epoch=4 step=120700 scheduled_removal=38/47 loss=0.024020 steps_per_second=18.83
epoch=4 step=120800 scheduled_removal=38/47 loss=0.024302 steps_per_second=18.78
epoch=4 step=120900 scheduled_removal=38/47 loss=0.027637 steps_per_second=18.73
epoch=4 step=121000 scheduled_removal=38/47 loss=0.026594 steps_per_second=18.71
epoch=4 step=121100 scheduled_removal=38/47 loss=0.021704 steps_per_second=18.64
epoch=4 step=121200 scheduled_removal=38/47 loss=0.027787 steps_per_second=18.71
epoch=4 step=121300 scheduled_removal=38/47 loss=0.022217 steps_per_second=18.74
epoch=4 step=121400 scheduled_removal=38/47 loss=0.027076 steps_per_second=18.73
epoch=4 step=121500 scheduled_removal=38/47 loss=0.023065 steps_per_second=18.73
epoch=4 step=121600 scheduled_removal=38/47 loss=0.025513 steps_per_second=18.74
epoch=4 step=121700 scheduled_removal=38/47 loss=0.028294 steps_per_second=18.71
epoch=4 step=121800 scheduled_removal=38/47 loss=0.023141 steps_per_second=18.72
epoch=4 step=121900 scheduled_removal=38/47 loss=0.018866 steps_per_second=18.72
epoch=4 step=122000 scheduled_removal=38/47 loss=0.025819 steps_per_second=18.72
epoch=4 step=122100 scheduled_removal=38/47 loss=0.022441 steps_per_second=18.72
epoch=4 step=122200 scheduled_removal=38/47 loss=0.024225 steps_per_second=18.72
epoch=4 step=122300 scheduled_removal=38/47 loss=0.025619 steps_per_second=18.71
epoch=4 step=122400 scheduled_removal=38/47 loss=0.025875 steps_per_second=18.72
epoch=4 step=122500 scheduled_removal=38/47 loss=0.021195 steps_per_second=18.73
epoch=4 step=122600 scheduled_removal=38/47 loss=0.026293 steps_per_second=18.72
epoch=4 step=122700 scheduled_removal=38/47 loss=0.025296 steps_per_second=18.70
epoch=4 step=122800 scheduled_removal=38/47 loss=0.020562 steps_per_second=18.77
epoch=4 step=122900 scheduled_removal=38/47 loss=0.017798 steps_per_second=18.73
epoch=4 step=123000 scheduled_removal=38/47 loss=0.024429 steps_per_second=18.75
epoch=4 step=123084 scheduled_removal=39 optimizer_reset=true
epoch=4 step=123100 scheduled_removal=39/47 loss=0.031290 steps_per_second=18.70
epoch=4 step=123200 scheduled_removal=39/47 loss=0.022273 steps_per_second=18.85
epoch=4 step=123300 scheduled_removal=39/47 loss=0.024645 steps_per_second=18.86
epoch=4 step=123400 scheduled_removal=39/47 loss=0.028227 steps_per_second=18.90
epoch=4 step=123500 scheduled_removal=39/47 loss=0.022558 steps_per_second=18.87
epoch=4 step=123600 scheduled_removal=39/47 loss=0.024902 steps_per_second=18.88
epoch=4 step=123700 scheduled_removal=39/47 loss=0.025046 steps_per_second=18.89
epoch=4 step=123800 scheduled_removal=39/47 loss=0.021630 steps_per_second=18.84
epoch=4 step=123900 scheduled_removal=39/47 loss=0.025003 steps_per_second=18.86
epoch=4 step=124000 scheduled_removal=39/47 loss=0.023248 steps_per_second=18.86
epoch=4 step=124100 scheduled_removal=39/47 loss=0.024641 steps_per_second=18.86
epoch=4 step=124200 scheduled_removal=39/47 loss=0.023515 steps_per_second=18.85
epoch=4 step=124300 scheduled_removal=39/47 loss=0.027131 steps_per_second=18.82
epoch=4 step=124400 scheduled_removal=39/47 loss=0.020206 steps_per_second=18.90
epoch=4 step=124500 scheduled_removal=39/47 loss=0.020913 steps_per_second=18.91
epoch=4 step=124600 scheduled_removal=39/47 loss=0.020664 steps_per_second=18.90
epoch=4 step=124700 scheduled_removal=39/47 loss=0.023389 steps_per_second=18.88
epoch=4 step=124800 scheduled_removal=39/47 loss=0.022303 steps_per_second=18.85
epoch=4 step=124900 scheduled_removal=39/47 loss=0.022691 steps_per_second=18.94
epoch=4 step=125000 scheduled_removal=39/47 loss=0.025976 steps_per_second=18.90
epoch=4 step=125100 scheduled_removal=39/47 loss=0.022955 steps_per_second=18.82
epoch=4 step=125200 scheduled_removal=39/47 loss=0.022189 steps_per_second=18.89
epoch=4 step=125300 scheduled_removal=39/47 loss=0.021630 steps_per_second=18.82
epoch=4 step=125400 scheduled_removal=39/47 loss=0.024137 steps_per_second=18.88
epoch=4 step=125500 scheduled_removal=39/47 loss=0.023533 steps_per_second=18.88
epoch=4 step=125600 scheduled_removal=39/47 loss=0.020325 steps_per_second=18.90
epoch=4 step=125700 scheduled_removal=39/47 loss=0.021277 steps_per_second=18.87
epoch=4 step=125800 scheduled_removal=39/47 loss=0.025791 steps_per_second=18.92
epoch=4 step=125900 scheduled_removal=39/47 loss=0.024877 steps_per_second=18.85
epoch=4 step=126000 scheduled_removal=39/47 loss=0.021091 steps_per_second=18.84
epoch=4 step=126100 scheduled_removal=39/47 loss=0.020341 steps_per_second=18.91
epoch=4 step=126200 scheduled_removal=39/47 loss=0.023963 steps_per_second=18.84
epoch=4 step=126240 scheduled_removal=40 optimizer_reset=true
validation epoch=4 removed=40/47: 791/1000 (79.1000%)
epoch=5 step=126300 scheduled_removal=40/47 loss=0.014805 steps_per_second=37.77
epoch=5 step=126400 scheduled_removal=40/47 loss=0.023334 steps_per_second=18.79
epoch=5 step=126500 scheduled_removal=40/47 loss=0.027761 steps_per_second=18.83
epoch=5 step=126600 scheduled_removal=40/47 loss=0.022482 steps_per_second=18.76
epoch=5 step=126700 scheduled_removal=40/47 loss=0.022385 steps_per_second=18.75
epoch=5 step=126800 scheduled_removal=40/47 loss=0.024149 steps_per_second=18.73
epoch=5 step=126900 scheduled_removal=40/47 loss=0.025564 steps_per_second=18.75
epoch=5 step=127000 scheduled_removal=40/47 loss=0.022781 steps_per_second=18.79
epoch=5 step=127100 scheduled_removal=40/47 loss=0.022583 steps_per_second=18.77
epoch=5 step=127200 scheduled_removal=40/47 loss=0.022559 steps_per_second=18.78
epoch=5 step=127300 scheduled_removal=40/47 loss=0.019392 steps_per_second=18.78
epoch=5 step=127400 scheduled_removal=40/47 loss=0.025136 steps_per_second=18.76
epoch=5 step=127500 scheduled_removal=40/47 loss=0.019412 steps_per_second=18.72
epoch=5 step=127600 scheduled_removal=40/47 loss=0.019125 steps_per_second=18.77
epoch=5 step=127700 scheduled_removal=40/47 loss=0.023402 steps_per_second=18.75
epoch=5 step=127800 scheduled_removal=40/47 loss=0.030590 steps_per_second=18.78
epoch=5 step=127900 scheduled_removal=40/47 loss=0.029157 steps_per_second=18.76
epoch=5 step=128000 scheduled_removal=40/47 loss=0.018324 steps_per_second=18.70
epoch=5 step=128100 scheduled_removal=40/47 loss=0.019321 steps_per_second=18.74
epoch=5 step=128200 scheduled_removal=40/47 loss=0.015555 steps_per_second=18.74
epoch=5 step=128300 scheduled_removal=40/47 loss=0.024354 steps_per_second=18.74
epoch=5 step=128400 scheduled_removal=40/47 loss=0.025091 steps_per_second=18.80
epoch=5 step=128500 scheduled_removal=40/47 loss=0.022463 steps_per_second=18.75
epoch=5 step=128600 scheduled_removal=40/47 loss=0.020565 steps_per_second=18.79
epoch=5 step=128700 scheduled_removal=40/47 loss=0.022181 steps_per_second=18.74
epoch=5 step=128800 scheduled_removal=40/47 loss=0.025602 steps_per_second=18.78
epoch=5 step=128900 scheduled_removal=40/47 loss=0.023213 steps_per_second=18.76
epoch=5 step=129000 scheduled_removal=40/47 loss=0.018512 steps_per_second=18.74
epoch=5 step=129100 scheduled_removal=40/47 loss=0.022349 steps_per_second=18.82
epoch=5 step=129200 scheduled_removal=40/47 loss=0.018880 steps_per_second=18.86
epoch=5 step=129300 scheduled_removal=40/47 loss=0.025189 steps_per_second=18.75
epoch=5 step=129396 scheduled_removal=41 optimizer_reset=true
epoch=5 step=129400 scheduled_removal=41/47 loss=0.032821 steps_per_second=18.76
epoch=5 step=129500 scheduled_removal=41/47 loss=0.053776 steps_per_second=18.81
epoch=5 step=129600 scheduled_removal=41/47 loss=0.043377 steps_per_second=18.86
epoch=5 step=129700 scheduled_removal=41/47 loss=0.037790 steps_per_second=18.79
epoch=5 step=129800 scheduled_removal=41/47 loss=0.038986 steps_per_second=18.79
epoch=5 step=129900 scheduled_removal=41/47 loss=0.033514 steps_per_second=18.77
epoch=5 step=130000 scheduled_removal=41/47 loss=0.034849 steps_per_second=18.80
epoch=5 step=130100 scheduled_removal=41/47 loss=0.036953 steps_per_second=18.78
epoch=5 step=130200 scheduled_removal=41/47 loss=0.044086 steps_per_second=18.79
epoch=5 step=130300 scheduled_removal=41/47 loss=0.035278 steps_per_second=18.80
epoch=5 step=130400 scheduled_removal=41/47 loss=0.036357 steps_per_second=18.79
epoch=5 step=130500 scheduled_removal=41/47 loss=0.040597 steps_per_second=18.79
epoch=5 step=130600 scheduled_removal=41/47 loss=0.034849 steps_per_second=18.82
epoch=5 step=130700 scheduled_removal=41/47 loss=0.031069 steps_per_second=18.75
epoch=5 step=130800 scheduled_removal=41/47 loss=0.040008 steps_per_second=18.71
epoch=5 step=130900 scheduled_removal=41/47 loss=0.032097 steps_per_second=18.75
epoch=5 step=131000 scheduled_removal=41/47 loss=0.034116 steps_per_second=18.75
epoch=5 step=131100 scheduled_removal=41/47 loss=0.029403 steps_per_second=18.78
epoch=5 step=131200 scheduled_removal=41/47 loss=0.033484 steps_per_second=18.78
epoch=5 step=131300 scheduled_removal=41/47 loss=0.028867 steps_per_second=18.77
epoch=5 step=131400 scheduled_removal=41/47 loss=0.032532 steps_per_second=18.84
epoch=5 step=131500 scheduled_removal=41/47 loss=0.033700 steps_per_second=18.80
epoch=5 step=131600 scheduled_removal=41/47 loss=0.031760 steps_per_second=18.78
epoch=5 step=131700 scheduled_removal=41/47 loss=0.031841 steps_per_second=18.79
epoch=5 step=131800 scheduled_removal=41/47 loss=0.031686 steps_per_second=18.79
epoch=5 step=131900 scheduled_removal=41/47 loss=0.027400 steps_per_second=18.79
epoch=5 step=132000 scheduled_removal=41/47 loss=0.031935 steps_per_second=18.77
epoch=5 step=132100 scheduled_removal=41/47 loss=0.030805 steps_per_second=18.80
epoch=5 step=132200 scheduled_removal=41/47 loss=0.034727 steps_per_second=18.76
epoch=5 step=132300 scheduled_removal=41/47 loss=0.031140 steps_per_second=18.80
epoch=5 step=132400 scheduled_removal=41/47 loss=0.031589 steps_per_second=18.79
epoch=5 step=132500 scheduled_removal=41/47 loss=0.029837 steps_per_second=18.80
epoch=5 step=132552 scheduled_removal=42 optimizer_reset=true
epoch=5 step=132600 scheduled_removal=42/47 loss=0.121916 steps_per_second=19.07
epoch=5 step=132700 scheduled_removal=42/47 loss=0.144701 steps_per_second=19.29
epoch=5 step=132800 scheduled_removal=42/47 loss=0.141731 steps_per_second=19.29
epoch=5 step=132900 scheduled_removal=42/47 loss=0.142333 steps_per_second=19.33
epoch=5 step=133000 scheduled_removal=42/47 loss=0.137102 steps_per_second=19.27
epoch=5 step=133100 scheduled_removal=42/47 loss=0.132795 steps_per_second=19.31
epoch=5 step=133200 scheduled_removal=42/47 loss=0.132123 steps_per_second=19.28
epoch=5 step=133300 scheduled_removal=42/47 loss=0.134196 steps_per_second=19.31
epoch=5 step=133400 scheduled_removal=42/47 loss=0.123966 steps_per_second=19.27
epoch=5 step=133500 scheduled_removal=42/47 loss=0.120174 steps_per_second=19.31
epoch=5 step=133600 scheduled_removal=42/47 loss=0.125198 steps_per_second=19.30
epoch=5 step=133700 scheduled_removal=42/47 loss=0.114884 steps_per_second=19.31
epoch=5 step=133800 scheduled_removal=42/47 loss=0.114058 steps_per_second=19.29
epoch=5 step=133900 scheduled_removal=42/47 loss=0.111241 steps_per_second=19.34
epoch=5 step=134000 scheduled_removal=42/47 loss=0.101621 steps_per_second=19.31
epoch=5 step=134100 scheduled_removal=42/47 loss=0.099135 steps_per_second=19.30
epoch=5 step=134200 scheduled_removal=42/47 loss=0.101451 steps_per_second=19.31
epoch=5 step=134300 scheduled_removal=42/47 loss=0.089509 steps_per_second=19.34
epoch=5 step=134400 scheduled_removal=42/47 loss=0.091752 steps_per_second=19.31
epoch=5 step=134500 scheduled_removal=42/47 loss=0.091580 steps_per_second=19.32
epoch=5 step=134600 scheduled_removal=42/47 loss=0.087062 steps_per_second=19.31
epoch=5 step=134700 scheduled_removal=42/47 loss=0.085377 steps_per_second=19.32
epoch=5 step=134800 scheduled_removal=42/47 loss=0.079503 steps_per_second=19.31
epoch=5 step=134900 scheduled_removal=42/47 loss=0.076981 steps_per_second=19.31
epoch=5 step=135000 scheduled_removal=42/47 loss=0.086044 steps_per_second=19.33
epoch=5 step=135100 scheduled_removal=42/47 loss=0.077472 steps_per_second=19.33
epoch=5 step=135200 scheduled_removal=42/47 loss=0.073395 steps_per_second=19.29
epoch=5 step=135300 scheduled_removal=42/47 loss=0.071963 steps_per_second=19.33
epoch=5 step=135400 scheduled_removal=42/47 loss=0.067039 steps_per_second=19.29
epoch=5 step=135500 scheduled_removal=42/47 loss=0.067688 steps_per_second=19.33
epoch=5 step=135600 scheduled_removal=42/47 loss=0.069784 steps_per_second=19.31
epoch=5 step=135700 scheduled_removal=42/47 loss=0.063563 steps_per_second=19.27
epoch=5 step=135708 scheduled_removal=43 optimizer_reset=true
epoch=5 step=135800 scheduled_removal=43/47 loss=0.243864 steps_per_second=19.47
epoch=5 step=135900 scheduled_removal=43/47 loss=0.205612 steps_per_second=19.51
epoch=5 step=136000 scheduled_removal=43/47 loss=0.205482 steps_per_second=19.50
epoch=5 step=136100 scheduled_removal=43/47 loss=0.200305 steps_per_second=19.52
epoch=5 step=136200 scheduled_removal=43/47 loss=0.195894 steps_per_second=19.52
epoch=5 step=136300 scheduled_removal=43/47 loss=0.197789 steps_per_second=19.49
epoch=5 step=136400 scheduled_removal=43/47 loss=0.199280 steps_per_second=19.52
epoch=5 step=136500 scheduled_removal=43/47 loss=0.196463 steps_per_second=19.53
epoch=5 step=136600 scheduled_removal=43/47 loss=0.193606 steps_per_second=19.50
epoch=5 step=136700 scheduled_removal=43/47 loss=0.199161 steps_per_second=19.49
epoch=5 step=136800 scheduled_removal=43/47 loss=0.196689 steps_per_second=19.50
epoch=5 step=136900 scheduled_removal=43/47 loss=0.191269 steps_per_second=19.54
epoch=5 step=137000 scheduled_removal=43/47 loss=0.187344 steps_per_second=19.51
epoch=5 step=137100 scheduled_removal=43/47 loss=0.192912 steps_per_second=19.49
epoch=5 step=137200 scheduled_removal=43/47 loss=0.189457 steps_per_second=19.49
epoch=5 step=137300 scheduled_removal=43/47 loss=0.190423 steps_per_second=19.53
epoch=5 step=137400 scheduled_removal=43/47 loss=0.191355 steps_per_second=19.53
epoch=5 step=137500 scheduled_removal=43/47 loss=0.188966 steps_per_second=19.55
epoch=5 step=137600 scheduled_removal=43/47 loss=0.185757 steps_per_second=19.54
epoch=5 step=137700 scheduled_removal=43/47 loss=0.185673 steps_per_second=19.50
epoch=5 step=137800 scheduled_removal=43/47 loss=0.188001 steps_per_second=19.52
epoch=5 step=137900 scheduled_removal=43/47 loss=0.185185 steps_per_second=19.51
epoch=5 step=138000 scheduled_removal=43/47 loss=0.183980 steps_per_second=19.51
epoch=5 step=138100 scheduled_removal=43/47 loss=0.184532 steps_per_second=19.52
epoch=5 step=138200 scheduled_removal=43/47 loss=0.183702 steps_per_second=19.51
epoch=5 step=138300 scheduled_removal=43/47 loss=0.184283 steps_per_second=19.52
epoch=5 step=138400 scheduled_removal=43/47 loss=0.183437 steps_per_second=19.51
epoch=5 step=138500 scheduled_removal=43/47 loss=0.184801 steps_per_second=19.52
epoch=5 step=138600 scheduled_removal=43/47 loss=0.178626 steps_per_second=19.54
epoch=5 step=138700 scheduled_removal=43/47 loss=0.181184 steps_per_second=19.52
epoch=5 step=138800 scheduled_removal=43/47 loss=0.175453 steps_per_second=19.52
epoch=5 step=138864 scheduled_removal=44 optimizer_reset=true
epoch=5 step=138900 scheduled_removal=44/47 loss=0.253908 steps_per_second=19.46
epoch=5 step=139000 scheduled_removal=44/47 loss=0.334670 steps_per_second=19.42
epoch=5 step=139100 scheduled_removal=44/47 loss=0.329099 steps_per_second=19.43
epoch=5 step=139200 scheduled_removal=44/47 loss=0.334376 steps_per_second=19.40
epoch=5 step=139300 scheduled_removal=44/47 loss=0.329198 steps_per_second=19.43
epoch=5 step=139400 scheduled_removal=44/47 loss=0.320941 steps_per_second=19.40
epoch=5 step=139500 scheduled_removal=44/47 loss=0.317283 steps_per_second=19.42
epoch=5 step=139600 scheduled_removal=44/47 loss=0.310278 steps_per_second=19.42
epoch=5 step=139700 scheduled_removal=44/47 loss=0.316304 steps_per_second=19.43
epoch=5 step=139800 scheduled_removal=44/47 loss=0.318595 steps_per_second=19.39
epoch=5 step=139900 scheduled_removal=44/47 loss=0.311295 steps_per_second=19.40
epoch=5 step=140000 scheduled_removal=44/47 loss=0.306943 steps_per_second=19.36
epoch=5 step=140100 scheduled_removal=44/47 loss=0.311365 steps_per_second=19.44
epoch=5 step=140200 scheduled_removal=44/47 loss=0.301632 steps_per_second=19.41
epoch=5 step=140300 scheduled_removal=44/47 loss=0.295315 steps_per_second=19.44
epoch=5 step=140400 scheduled_removal=44/47 loss=0.287844 steps_per_second=19.44
epoch=5 step=140500 scheduled_removal=44/47 loss=0.286571 steps_per_second=19.43
epoch=5 step=140600 scheduled_removal=44/47 loss=0.281449 steps_per_second=19.44
epoch=5 step=140700 scheduled_removal=44/47 loss=0.279335 steps_per_second=19.39
epoch=5 step=140800 scheduled_removal=44/47 loss=0.275293 steps_per_second=19.41
epoch=5 step=140900 scheduled_removal=44/47 loss=0.270740 steps_per_second=19.43
epoch=5 step=141000 scheduled_removal=44/47 loss=0.264638 steps_per_second=19.41
epoch=5 step=141100 scheduled_removal=44/47 loss=0.263441 steps_per_second=19.41
epoch=5 step=141200 scheduled_removal=44/47 loss=0.259369 steps_per_second=19.40
epoch=5 step=141300 scheduled_removal=44/47 loss=0.254454 steps_per_second=19.42
epoch=5 step=141400 scheduled_removal=44/47 loss=0.245347 steps_per_second=19.44
epoch=5 step=141500 scheduled_removal=44/47 loss=0.240662 steps_per_second=19.42
epoch=5 step=141600 scheduled_removal=44/47 loss=0.243614 steps_per_second=19.40
epoch=5 step=141700 scheduled_removal=44/47 loss=0.236858 steps_per_second=19.39
epoch=5 step=141800 scheduled_removal=44/47 loss=0.233556 steps_per_second=19.41
epoch=5 step=141900 scheduled_removal=44/47 loss=0.239530 steps_per_second=19.41
epoch=5 step=142000 scheduled_removal=44/47 loss=0.228744 steps_per_second=19.41
epoch=5 step=142020 scheduled_removal=45 optimizer_reset=true
epoch=5 step=142100 scheduled_removal=45/47 loss=0.428861 steps_per_second=19.49
epoch=5 step=142200 scheduled_removal=45/47 loss=0.402919 steps_per_second=19.52
epoch=5 step=142300 scheduled_removal=45/47 loss=0.387039 steps_per_second=19.52
epoch=5 step=142400 scheduled_removal=45/47 loss=0.356158 steps_per_second=19.51
epoch=5 step=142500 scheduled_removal=45/47 loss=0.345948 steps_per_second=19.52
epoch=5 step=142600 scheduled_removal=45/47 loss=0.340766 steps_per_second=19.48
epoch=5 step=142700 scheduled_removal=45/47 loss=0.328158 steps_per_second=19.51
epoch=5 step=142800 scheduled_removal=45/47 loss=0.319185 steps_per_second=19.59
epoch=5 step=142900 scheduled_removal=45/47 loss=0.307774 steps_per_second=19.53
epoch=5 step=143000 scheduled_removal=45/47 loss=0.298010 steps_per_second=19.51
epoch=5 step=143100 scheduled_removal=45/47 loss=0.292828 steps_per_second=19.52
epoch=5 step=143200 scheduled_removal=45/47 loss=0.282520 steps_per_second=19.53
epoch=5 step=143300 scheduled_removal=45/47 loss=0.272758 steps_per_second=19.52
epoch=5 step=143400 scheduled_removal=45/47 loss=0.269366 steps_per_second=19.51
epoch=5 step=143500 scheduled_removal=45/47 loss=0.259895 steps_per_second=19.54
epoch=5 step=143600 scheduled_removal=45/47 loss=0.259569 steps_per_second=19.54
epoch=5 step=143700 scheduled_removal=45/47 loss=0.244220 steps_per_second=19.51
epoch=5 step=143800 scheduled_removal=45/47 loss=0.245840 steps_per_second=19.54
epoch=5 step=143900 scheduled_removal=45/47 loss=0.239098 steps_per_second=19.53
epoch=5 step=144000 scheduled_removal=45/47 loss=0.234418 steps_per_second=19.59
epoch=5 step=144100 scheduled_removal=45/47 loss=0.229726 steps_per_second=19.63
epoch=5 step=144200 scheduled_removal=45/47 loss=0.223934 steps_per_second=19.51
epoch=5 step=144300 scheduled_removal=45/47 loss=0.217454 steps_per_second=19.53
epoch=5 step=144400 scheduled_removal=45/47 loss=0.215186 steps_per_second=19.51
epoch=5 step=144500 scheduled_removal=45/47 loss=0.216234 steps_per_second=19.51
epoch=5 step=144600 scheduled_removal=45/47 loss=0.213538 steps_per_second=19.51
epoch=5 step=144700 scheduled_removal=45/47 loss=0.211300 steps_per_second=19.46
epoch=5 step=144800 scheduled_removal=45/47 loss=0.202721 steps_per_second=19.52
epoch=5 step=144900 scheduled_removal=45/47 loss=0.197554 steps_per_second=19.52
epoch=5 step=145000 scheduled_removal=45/47 loss=0.192671 steps_per_second=19.57
epoch=5 step=145100 scheduled_removal=45/47 loss=0.194045 steps_per_second=19.49
epoch=5 step=145176 scheduled_removal=46 optimizer_reset=true
epoch=5 step=145200 scheduled_removal=46/47 loss=0.239450 steps_per_second=19.71
epoch=5 step=145300 scheduled_removal=46/47 loss=0.272751 steps_per_second=20.42
epoch=5 step=145400 scheduled_removal=46/47 loss=0.219359 steps_per_second=20.40
epoch=5 step=145500 scheduled_removal=46/47 loss=0.201276 steps_per_second=20.41
epoch=5 step=145600 scheduled_removal=46/47 loss=0.182105 steps_per_second=20.39
epoch=5 step=145700 scheduled_removal=46/47 loss=0.182077 steps_per_second=20.42
epoch=5 step=145800 scheduled_removal=46/47 loss=0.174806 steps_per_second=20.43
epoch=5 step=145900 scheduled_removal=46/47 loss=0.161053 steps_per_second=20.36
epoch=5 step=146000 scheduled_removal=46/47 loss=0.165664 steps_per_second=20.38
epoch=5 step=146100 scheduled_removal=46/47 loss=0.162505 steps_per_second=20.46
epoch=5 step=146200 scheduled_removal=46/47 loss=0.153064 steps_per_second=20.44
epoch=5 step=146300 scheduled_removal=46/47 loss=0.152548 steps_per_second=20.51
epoch=5 step=146400 scheduled_removal=46/47 loss=0.156613 steps_per_second=20.48
epoch=5 step=146500 scheduled_removal=46/47 loss=0.157083 steps_per_second=20.51
epoch=5 step=146600 scheduled_removal=46/47 loss=0.152479 steps_per_second=20.51
epoch=5 step=146700 scheduled_removal=46/47 loss=0.148649 steps_per_second=20.45
epoch=5 step=146800 scheduled_removal=46/47 loss=0.140847 steps_per_second=20.45
epoch=5 step=146900 scheduled_removal=46/47 loss=0.143833 steps_per_second=20.50
epoch=5 step=147000 scheduled_removal=46/47 loss=0.135879 steps_per_second=20.48
epoch=5 step=147100 scheduled_removal=46/47 loss=0.138248 steps_per_second=20.47
epoch=5 step=147200 scheduled_removal=46/47 loss=0.135744 steps_per_second=20.50
epoch=5 step=147300 scheduled_removal=46/47 loss=0.136088 steps_per_second=20.56
epoch=5 step=147400 scheduled_removal=46/47 loss=0.136608 steps_per_second=20.54
epoch=5 step=147500 scheduled_removal=46/47 loss=0.130156 steps_per_second=20.53
epoch=5 step=147600 scheduled_removal=46/47 loss=0.131916 steps_per_second=20.49
epoch=5 step=147700 scheduled_removal=46/47 loss=0.131184 steps_per_second=20.45
epoch=5 step=147800 scheduled_removal=46/47 loss=0.127030 steps_per_second=20.44
epoch=5 step=147900 scheduled_removal=46/47 loss=0.129715 steps_per_second=20.51
epoch=5 step=148000 scheduled_removal=46/47 loss=0.126322 steps_per_second=20.51
epoch=5 step=148100 scheduled_removal=46/47 loss=0.121168 steps_per_second=20.51
epoch=5 step=148200 scheduled_removal=46/47 loss=0.122821 steps_per_second=20.49
epoch=5 step=148300 scheduled_removal=46/47 loss=0.121687 steps_per_second=20.49
epoch=5 step=148332 scheduled_removal=47 optimizer_reset=true
epoch=5 step=148400 scheduled_removal=47/47 loss=0.223959 steps_per_second=20.56
epoch=5 step=148500 scheduled_removal=47/47 loss=0.145920 steps_per_second=20.62
epoch=5 step=148600 scheduled_removal=47/47 loss=0.121829 steps_per_second=20.63
epoch=5 step=148700 scheduled_removal=47/47 loss=0.116379 steps_per_second=20.66
epoch=5 step=148800 scheduled_removal=47/47 loss=0.115491 steps_per_second=20.63
epoch=5 step=148900 scheduled_removal=47/47 loss=0.123765 steps_per_second=20.63
epoch=5 step=149000 scheduled_removal=47/47 loss=0.116595 steps_per_second=20.60
epoch=5 step=149100 scheduled_removal=47/47 loss=0.115176 steps_per_second=20.59
epoch=5 step=149200 scheduled_removal=47/47 loss=0.114432 steps_per_second=20.62
epoch=5 step=149300 scheduled_removal=47/47 loss=0.112617 steps_per_second=20.59
epoch=5 step=149400 scheduled_removal=47/47 loss=0.113350 steps_per_second=20.62
epoch=5 step=149500 scheduled_removal=47/47 loss=0.111885 steps_per_second=20.65
epoch=5 step=149600 scheduled_removal=47/47 loss=0.106384 steps_per_second=20.57
epoch=5 step=149700 scheduled_removal=47/47 loss=0.108794 steps_per_second=20.65
epoch=5 step=149800 scheduled_removal=47/47 loss=0.110480 steps_per_second=20.65
epoch=5 step=149900 scheduled_removal=47/47 loss=0.104900 steps_per_second=20.57
epoch=5 step=150000 scheduled_removal=47/47 loss=0.109854 steps_per_second=20.59
epoch=5 step=150100 scheduled_removal=47/47 loss=0.105419 steps_per_second=20.57
epoch=5 step=150200 scheduled_removal=47/47 loss=0.099961 steps_per_second=20.55
epoch=5 step=150300 scheduled_removal=47/47 loss=0.101275 steps_per_second=20.58
epoch=5 step=150400 scheduled_removal=47/47 loss=0.103574 steps_per_second=20.59
epoch=5 step=150500 scheduled_removal=47/47 loss=0.100345 steps_per_second=20.62
epoch=5 step=150600 scheduled_removal=47/47 loss=0.099057 steps_per_second=20.69
epoch=5 step=150700 scheduled_removal=47/47 loss=0.101194 steps_per_second=20.65
epoch=5 step=150800 scheduled_removal=47/47 loss=0.097343 steps_per_second=20.70
epoch=5 step=150900 scheduled_removal=47/47 loss=0.096001 steps_per_second=20.68
epoch=5 step=151000 scheduled_removal=47/47 loss=0.091728 steps_per_second=20.63
epoch=5 step=151100 scheduled_removal=47/47 loss=0.099680 steps_per_second=20.68
epoch=5 step=151200 scheduled_removal=47/47 loss=0.094489 steps_per_second=20.67
epoch=5 step=151300 scheduled_removal=47/47 loss=0.094382 steps_per_second=20.69
epoch=5 step=151400 scheduled_removal=47/47 loss=0.095894 steps_per_second=20.76
epoch=5 step=151500 scheduled_removal=47/47 loss=0.102018 steps_per_second=20.71
validation epoch=5 removed=47/47: 651/1000 (65.1000%)
epoch=6 step=151600 scheduled_removal=47/47 loss=0.095705 steps_per_second=20.77
epoch=6 step=151700 scheduled_removal=47/47 loss=0.093372 steps_per_second=20.63
epoch=6 step=151800 scheduled_removal=47/47 loss=0.092024 steps_per_second=20.53
epoch=6 step=151900 scheduled_removal=47/47 loss=0.096131 steps_per_second=20.61
epoch=6 step=152000 scheduled_removal=47/47 loss=0.092038 steps_per_second=20.67
epoch=6 step=152100 scheduled_removal=47/47 loss=0.095918 steps_per_second=20.65
epoch=6 step=152200 scheduled_removal=47/47 loss=0.090356 steps_per_second=20.66
epoch=6 step=152300 scheduled_removal=47/47 loss=0.096744 steps_per_second=20.65
epoch=6 step=152400 scheduled_removal=47/47 loss=0.089728 steps_per_second=20.69
epoch=6 step=152500 scheduled_removal=47/47 loss=0.087265 steps_per_second=20.64
epoch=6 step=152600 scheduled_removal=47/47 loss=0.091550 steps_per_second=20.61
epoch=6 step=152700 scheduled_removal=47/47 loss=0.091906 steps_per_second=20.70
epoch=6 step=152800 scheduled_removal=47/47 loss=0.094437 steps_per_second=20.64
epoch=6 step=152900 scheduled_removal=47/47 loss=0.088330 steps_per_second=20.67
epoch=6 step=153000 scheduled_removal=47/47 loss=0.084263 steps_per_second=20.68
epoch=6 step=153100 scheduled_removal=47/47 loss=0.086527 steps_per_second=20.68
epoch=6 step=153200 scheduled_removal=47/47 loss=0.090884 steps_per_second=20.63
epoch=6 step=153300 scheduled_removal=47/47 loss=0.096385 steps_per_second=20.59
epoch=6 step=153400 scheduled_removal=47/47 loss=0.081119 steps_per_second=20.63
epoch=6 step=153500 scheduled_removal=47/47 loss=0.084251 steps_per_second=20.66
epoch=6 step=153600 scheduled_removal=47/47 loss=0.084744 steps_per_second=20.65
epoch=6 step=153700 scheduled_removal=47/47 loss=0.080917 steps_per_second=20.65
epoch=6 step=153800 scheduled_removal=47/47 loss=0.086649 steps_per_second=20.59
epoch=6 step=153900 scheduled_removal=47/47 loss=0.081585 steps_per_second=20.64
epoch=6 step=154000 scheduled_removal=47/47 loss=0.079917 steps_per_second=20.65
epoch=6 step=154100 scheduled_removal=47/47 loss=0.084339 steps_per_second=20.68
epoch=6 step=154200 scheduled_removal=47/47 loss=0.081754 steps_per_second=20.72
epoch=6 step=154300 scheduled_removal=47/47 loss=0.076780 steps_per_second=20.71
epoch=6 step=154400 scheduled_removal=47/47 loss=0.080622 steps_per_second=20.74
epoch=6 step=154500 scheduled_removal=47/47 loss=0.079808 steps_per_second=20.68
epoch=6 step=154600 scheduled_removal=47/47 loss=0.077103 steps_per_second=20.71
epoch=6 step=154700 scheduled_removal=47/47 loss=0.081672 steps_per_second=20.57
epoch=6 step=154800 scheduled_removal=47/47 loss=0.076495 steps_per_second=20.63
epoch=6 step=154900 scheduled_removal=47/47 loss=0.081896 steps_per_second=20.70
epoch=6 step=155000 scheduled_removal=47/47 loss=0.080325 steps_per_second=20.62
epoch=6 step=155100 scheduled_removal=47/47 loss=0.075635 steps_per_second=20.63
epoch=6 step=155200 scheduled_removal=47/47 loss=0.071141 steps_per_second=20.63
epoch=6 step=155300 scheduled_removal=47/47 loss=0.068205 steps_per_second=20.65
epoch=6 step=155400 scheduled_removal=47/47 loss=0.077113 steps_per_second=20.72
epoch=6 step=155500 scheduled_removal=47/47 loss=0.076616 steps_per_second=20.72
epoch=6 step=155600 scheduled_removal=47/47 loss=0.077721 steps_per_second=20.71
epoch=6 step=155700 scheduled_removal=47/47 loss=0.072658 steps_per_second=20.66
epoch=6 step=155800 scheduled_removal=47/47 loss=0.072128 steps_per_second=20.56
epoch=6 step=155900 scheduled_removal=47/47 loss=0.069811 steps_per_second=20.62
epoch=6 step=156000 scheduled_removal=47/47 loss=0.068555 steps_per_second=20.64
epoch=6 step=156100 scheduled_removal=47/47 loss=0.069879 steps_per_second=20.67
epoch=6 step=156200 scheduled_removal=47/47 loss=0.072037 steps_per_second=20.73
epoch=6 step=156300 scheduled_removal=47/47 loss=0.068243 steps_per_second=20.69
epoch=6 step=156400 scheduled_removal=47/47 loss=0.078170 steps_per_second=20.72
epoch=6 step=156500 scheduled_removal=47/47 loss=0.074704 steps_per_second=20.69
epoch=6 step=156600 scheduled_removal=47/47 loss=0.070042 steps_per_second=20.67
epoch=6 step=156700 scheduled_removal=47/47 loss=0.071953 steps_per_second=20.69
epoch=6 step=156800 scheduled_removal=47/47 loss=0.065401 steps_per_second=20.72
epoch=6 step=156900 scheduled_removal=47/47 loss=0.070267 steps_per_second=20.73
epoch=6 step=157000 scheduled_removal=47/47 loss=0.070848 steps_per_second=20.65
epoch=6 step=157100 scheduled_removal=47/47 loss=0.070560 steps_per_second=20.65
epoch=6 step=157200 scheduled_removal=47/47 loss=0.066789 steps_per_second=20.71
epoch=6 step=157300 scheduled_removal=47/47 loss=0.066689 steps_per_second=20.68
epoch=6 step=157400 scheduled_removal=47/47 loss=0.069305 steps_per_second=20.64
epoch=6 step=157500 scheduled_removal=47/47 loss=0.066320 steps_per_second=20.71
epoch=6 step=157600 scheduled_removal=47/47 loss=0.064306 steps_per_second=20.72
epoch=6 step=157700 scheduled_removal=47/47 loss=0.069144 steps_per_second=20.67
epoch=6 step=157800 scheduled_removal=47/47 loss=0.064522 steps_per_second=20.68
epoch=6 step=157900 scheduled_removal=47/47 loss=0.065929 steps_per_second=20.71
epoch=6 step=158000 scheduled_removal=47/47 loss=0.062799 steps_per_second=20.75
epoch=6 step=158100 scheduled_removal=47/47 loss=0.071456 steps_per_second=20.73
epoch=6 step=158200 scheduled_removal=47/47 loss=0.065708 steps_per_second=20.75
epoch=6 step=158300 scheduled_removal=47/47 loss=0.061549 steps_per_second=20.71
epoch=6 step=158400 scheduled_removal=47/47 loss=0.062506 steps_per_second=20.64
epoch=6 step=158500 scheduled_removal=47/47 loss=0.058600 steps_per_second=20.66
epoch=6 step=158600 scheduled_removal=47/47 loss=0.064193 steps_per_second=20.66
epoch=6 step=158700 scheduled_removal=47/47 loss=0.065484 steps_per_second=20.59
epoch=6 step=158800 scheduled_removal=47/47 loss=0.058139 steps_per_second=20.63
epoch=6 step=158900 scheduled_removal=47/47 loss=0.063899 steps_per_second=20.73
epoch=6 step=159000 scheduled_removal=47/47 loss=0.057478 steps_per_second=20.72
epoch=6 step=159100 scheduled_removal=47/47 loss=0.059146 steps_per_second=20.61
epoch=6 step=159200 scheduled_removal=47/47 loss=0.068012 steps_per_second=20.62
epoch=6 step=159300 scheduled_removal=47/47 loss=0.061589 steps_per_second=20.64
epoch=6 step=159400 scheduled_removal=47/47 loss=0.063122 steps_per_second=20.61
epoch=6 step=159500 scheduled_removal=47/47 loss=0.057287 steps_per_second=20.65
epoch=6 step=159600 scheduled_removal=47/47 loss=0.059999 steps_per_second=20.60
epoch=6 step=159700 scheduled_removal=47/47 loss=0.058615 steps_per_second=20.64
epoch=6 step=159800 scheduled_removal=47/47 loss=0.061064 steps_per_second=20.65
epoch=6 step=159900 scheduled_removal=47/47 loss=0.059459 steps_per_second=20.70
epoch=6 step=160000 scheduled_removal=47/47 loss=0.060119 steps_per_second=20.75
epoch=6 step=160100 scheduled_removal=47/47 loss=0.055053 steps_per_second=20.78
epoch=6 step=160200 scheduled_removal=47/47 loss=0.059080 steps_per_second=20.68
epoch=6 step=160300 scheduled_removal=47/47 loss=0.054106 steps_per_second=20.69
epoch=6 step=160400 scheduled_removal=47/47 loss=0.057257 steps_per_second=20.68
epoch=6 step=160500 scheduled_removal=47/47 loss=0.061627 steps_per_second=20.64
epoch=6 step=160600 scheduled_removal=47/47 loss=0.057980 steps_per_second=20.71
epoch=6 step=160700 scheduled_removal=47/47 loss=0.055571 steps_per_second=20.65
epoch=6 step=160800 scheduled_removal=47/47 loss=0.062377 steps_per_second=20.68
epoch=6 step=160900 scheduled_removal=47/47 loss=0.057143 steps_per_second=20.68
epoch=6 step=161000 scheduled_removal=47/47 loss=0.058238 steps_per_second=20.71
epoch=6 step=161100 scheduled_removal=47/47 loss=0.054812 steps_per_second=20.74
epoch=6 step=161200 scheduled_removal=47/47 loss=0.055814 steps_per_second=20.70
epoch=6 step=161300 scheduled_removal=47/47 loss=0.061399 steps_per_second=20.71
epoch=6 step=161400 scheduled_removal=47/47 loss=0.051571 steps_per_second=20.70
epoch=6 step=161500 scheduled_removal=47/47 loss=0.052635 steps_per_second=20.71
epoch=6 step=161600 scheduled_removal=47/47 loss=0.053027 steps_per_second=20.68
epoch=6 step=161700 scheduled_removal=47/47 loss=0.052464 steps_per_second=20.69
epoch=6 step=161800 scheduled_removal=47/47 loss=0.053082 steps_per_second=20.75
epoch=6 step=161900 scheduled_removal=47/47 loss=0.051682 steps_per_second=20.70
epoch=6 step=162000 scheduled_removal=47/47 loss=0.048492 steps_per_second=20.80
epoch=6 step=162100 scheduled_removal=47/47 loss=0.050315 steps_per_second=20.76
epoch=6 step=162200 scheduled_removal=47/47 loss=0.052747 steps_per_second=20.70
epoch=6 step=162300 scheduled_removal=47/47 loss=0.051095 steps_per_second=20.69
epoch=6 step=162400 scheduled_removal=47/47 loss=0.057657 steps_per_second=20.74
epoch=6 step=162500 scheduled_removal=47/47 loss=0.056743 steps_per_second=20.72
epoch=6 step=162600 scheduled_removal=47/47 loss=0.062865 steps_per_second=20.75
epoch=6 step=162700 scheduled_removal=47/47 loss=0.053126 steps_per_second=20.76
epoch=6 step=162800 scheduled_removal=47/47 loss=0.055021 steps_per_second=20.78
epoch=6 step=162900 scheduled_removal=47/47 loss=0.049265 steps_per_second=20.68
epoch=6 step=163000 scheduled_removal=47/47 loss=0.051742 steps_per_second=20.69
epoch=6 step=163100 scheduled_removal=47/47 loss=0.055148 steps_per_second=20.68
epoch=6 step=163200 scheduled_removal=47/47 loss=0.047435 steps_per_second=20.76
epoch=6 step=163300 scheduled_removal=47/47 loss=0.047260 steps_per_second=20.78
epoch=6 step=163400 scheduled_removal=47/47 loss=0.045688 steps_per_second=20.69
epoch=6 step=163500 scheduled_removal=47/47 loss=0.048912 steps_per_second=20.65
epoch=6 step=163600 scheduled_removal=47/47 loss=0.051630 steps_per_second=20.65
epoch=6 step=163700 scheduled_removal=47/47 loss=0.046766 steps_per_second=20.68
epoch=6 step=163800 scheduled_removal=47/47 loss=0.047732 steps_per_second=20.65
epoch=6 step=163900 scheduled_removal=47/47 loss=0.046283 steps_per_second=20.66
epoch=6 step=164000 scheduled_removal=47/47 loss=0.050448 steps_per_second=20.64
epoch=6 step=164100 scheduled_removal=47/47 loss=0.049002 steps_per_second=20.58
epoch=6 step=164200 scheduled_removal=47/47 loss=0.049907 steps_per_second=20.65
epoch=6 step=164300 scheduled_removal=47/47 loss=0.046400 steps_per_second=20.72
epoch=6 step=164400 scheduled_removal=47/47 loss=0.051058 steps_per_second=20.62
epoch=6 step=164500 scheduled_removal=47/47 loss=0.051391 steps_per_second=20.63
epoch=6 step=164600 scheduled_removal=47/47 loss=0.047757 steps_per_second=20.65
epoch=6 step=164700 scheduled_removal=47/47 loss=0.047567 steps_per_second=20.60
epoch=6 step=164800 scheduled_removal=47/47 loss=0.050516 steps_per_second=20.65
epoch=6 step=164900 scheduled_removal=47/47 loss=0.050247 steps_per_second=20.67
epoch=6 step=165000 scheduled_removal=47/47 loss=0.049192 steps_per_second=20.80
epoch=6 step=165100 scheduled_removal=47/47 loss=0.043995 steps_per_second=20.80
epoch=6 step=165200 scheduled_removal=47/47 loss=0.047934 steps_per_second=20.74
epoch=6 step=165300 scheduled_removal=47/47 loss=0.044374 steps_per_second=20.65
epoch=6 step=165400 scheduled_removal=47/47 loss=0.045944 steps_per_second=20.64
epoch=6 step=165500 scheduled_removal=47/47 loss=0.053621 steps_per_second=20.68
epoch=6 step=165600 scheduled_removal=47/47 loss=0.041825 steps_per_second=20.68
epoch=6 step=165700 scheduled_removal=47/47 loss=0.042897 steps_per_second=20.73
epoch=6 step=165800 scheduled_removal=47/47 loss=0.048554 steps_per_second=20.75
epoch=6 step=165900 scheduled_removal=47/47 loss=0.044746 steps_per_second=20.74
epoch=6 step=166000 scheduled_removal=47/47 loss=0.047424 steps_per_second=20.73
epoch=6 step=166100 scheduled_removal=47/47 loss=0.048626 steps_per_second=20.69
epoch=6 step=166200 scheduled_removal=47/47 loss=0.046715 steps_per_second=20.71
epoch=6 step=166300 scheduled_removal=47/47 loss=0.046383 steps_per_second=20.73
epoch=6 step=166400 scheduled_removal=47/47 loss=0.047032 steps_per_second=20.67
epoch=6 step=166500 scheduled_removal=47/47 loss=0.044719 steps_per_second=20.68
epoch=6 step=166600 scheduled_removal=47/47 loss=0.044066 steps_per_second=20.68
epoch=6 step=166700 scheduled_removal=47/47 loss=0.046733 steps_per_second=20.68
epoch=6 step=166800 scheduled_removal=47/47 loss=0.045858 steps_per_second=20.67
epoch=6 step=166900 scheduled_removal=47/47 loss=0.040352 steps_per_second=20.67
epoch=6 step=167000 scheduled_removal=47/47 loss=0.050796 steps_per_second=20.72
epoch=6 step=167100 scheduled_removal=47/47 loss=0.042896 steps_per_second=20.72
epoch=6 step=167200 scheduled_removal=47/47 loss=0.047507 steps_per_second=20.68
epoch=6 step=167300 scheduled_removal=47/47 loss=0.044483 steps_per_second=20.63
epoch=6 step=167400 scheduled_removal=47/47 loss=0.040992 steps_per_second=20.65
epoch=6 step=167500 scheduled_removal=47/47 loss=0.046317 steps_per_second=20.73
epoch=6 step=167600 scheduled_removal=47/47 loss=0.048133 steps_per_second=20.68
epoch=6 step=167700 scheduled_removal=47/47 loss=0.042764 steps_per_second=20.70
epoch=6 step=167800 scheduled_removal=47/47 loss=0.041972 steps_per_second=20.68
epoch=6 step=167900 scheduled_removal=47/47 loss=0.042787 steps_per_second=20.73
epoch=6 step=168000 scheduled_removal=47/47 loss=0.037858 steps_per_second=20.74
epoch=6 step=168100 scheduled_removal=47/47 loss=0.048129 steps_per_second=20.69
epoch=6 step=168200 scheduled_removal=47/47 loss=0.041415 steps_per_second=20.75
epoch=6 step=168300 scheduled_removal=47/47 loss=0.053177 steps_per_second=20.73
epoch=6 step=168400 scheduled_removal=47/47 loss=0.045026 steps_per_second=20.75
epoch=6 step=168500 scheduled_removal=47/47 loss=0.046156 steps_per_second=20.73
epoch=6 step=168600 scheduled_removal=47/47 loss=0.043976 steps_per_second=20.81
epoch=6 step=168700 scheduled_removal=47/47 loss=0.043508 steps_per_second=20.78
epoch=6 step=168800 scheduled_removal=47/47 loss=0.043099 steps_per_second=20.72
epoch=6 step=168900 scheduled_removal=47/47 loss=0.043936 steps_per_second=20.81
epoch=6 step=169000 scheduled_removal=47/47 loss=0.041770 steps_per_second=20.73
epoch=6 step=169100 scheduled_removal=47/47 loss=0.043135 steps_per_second=20.74
epoch=6 step=169200 scheduled_removal=47/47 loss=0.038158 steps_per_second=20.77
epoch=6 step=169300 scheduled_removal=47/47 loss=0.041585 steps_per_second=20.82
epoch=6 step=169400 scheduled_removal=47/47 loss=0.042673 steps_per_second=20.80
epoch=6 step=169500 scheduled_removal=47/47 loss=0.042777 steps_per_second=20.75
epoch=6 step=169600 scheduled_removal=47/47 loss=0.043656 steps_per_second=20.73
epoch=6 step=169700 scheduled_removal=47/47 loss=0.039601 steps_per_second=20.75
epoch=6 step=169800 scheduled_removal=47/47 loss=0.040418 steps_per_second=20.79
epoch=6 step=169900 scheduled_removal=47/47 loss=0.038695 steps_per_second=20.72
epoch=6 step=170000 scheduled_removal=47/47 loss=0.047378 steps_per_second=20.63
epoch=6 step=170100 scheduled_removal=47/47 loss=0.037969 steps_per_second=20.71
epoch=6 step=170200 scheduled_removal=47/47 loss=0.038132 steps_per_second=20.69
epoch=6 step=170300 scheduled_removal=47/47 loss=0.036503 steps_per_second=20.70
epoch=6 step=170400 scheduled_removal=47/47 loss=0.040905 steps_per_second=20.66
epoch=6 step=170500 scheduled_removal=47/47 loss=0.043087 steps_per_second=20.67
epoch=6 step=170600 scheduled_removal=47/47 loss=0.039785 steps_per_second=20.68
epoch=6 step=170700 scheduled_removal=47/47 loss=0.046000 steps_per_second=20.75
epoch=6 step=170800 scheduled_removal=47/47 loss=0.039989 steps_per_second=20.66
epoch=6 step=170900 scheduled_removal=47/47 loss=0.043748 steps_per_second=20.73
epoch=6 step=171000 scheduled_removal=47/47 loss=0.036084 steps_per_second=20.72
epoch=6 step=171100 scheduled_removal=47/47 loss=0.040450 steps_per_second=20.75
epoch=6 step=171200 scheduled_removal=47/47 loss=0.039321 steps_per_second=20.69
epoch=6 step=171300 scheduled_removal=47/47 loss=0.034365 steps_per_second=20.65
epoch=6 step=171400 scheduled_removal=47/47 loss=0.036016 steps_per_second=20.63
epoch=6 step=171500 scheduled_removal=47/47 loss=0.037327 steps_per_second=20.59
epoch=6 step=171600 scheduled_removal=47/47 loss=0.040077 steps_per_second=20.67
epoch=6 step=171700 scheduled_removal=47/47 loss=0.037538 steps_per_second=20.62
epoch=6 step=171800 scheduled_removal=47/47 loss=0.042526 steps_per_second=20.63
epoch=6 step=171900 scheduled_removal=47/47 loss=0.036222 steps_per_second=20.67
epoch=6 step=172000 scheduled_removal=47/47 loss=0.035368 steps_per_second=20.61
epoch=6 step=172100 scheduled_removal=47/47 loss=0.040478 steps_per_second=20.65
epoch=6 step=172200 scheduled_removal=47/47 loss=0.040433 steps_per_second=20.65
epoch=6 step=172300 scheduled_removal=47/47 loss=0.035829 steps_per_second=20.68
epoch=6 step=172400 scheduled_removal=47/47 loss=0.029570 steps_per_second=20.71
epoch=6 step=172500 scheduled_removal=47/47 loss=0.035964 steps_per_second=20.73
epoch=6 step=172600 scheduled_removal=47/47 loss=0.036607 steps_per_second=20.73
epoch=6 step=172700 scheduled_removal=47/47 loss=0.036818 steps_per_second=20.69
epoch=6 step=172800 scheduled_removal=47/47 loss=0.037761 steps_per_second=20.70
epoch=6 step=172900 scheduled_removal=47/47 loss=0.037974 steps_per_second=20.69
epoch=6 step=173000 scheduled_removal=47/47 loss=0.040834 steps_per_second=20.64
epoch=6 step=173100 scheduled_removal=47/47 loss=0.037976 steps_per_second=20.67
epoch=6 step=173200 scheduled_removal=47/47 loss=0.034192 steps_per_second=20.68
epoch=6 step=173300 scheduled_removal=47/47 loss=0.036400 steps_per_second=20.65
epoch=6 step=173400 scheduled_removal=47/47 loss=0.034092 steps_per_second=20.65
epoch=6 step=173500 scheduled_removal=47/47 loss=0.035054 steps_per_second=20.59
epoch=6 step=173600 scheduled_removal=47/47 loss=0.035642 steps_per_second=20.59
epoch=6 step=173700 scheduled_removal=47/47 loss=0.036439 steps_per_second=20.58
epoch=6 step=173800 scheduled_removal=47/47 loss=0.036202 steps_per_second=20.57
epoch=6 step=173900 scheduled_removal=47/47 loss=0.034967 steps_per_second=20.56
epoch=6 step=174000 scheduled_removal=47/47 loss=0.040240 steps_per_second=20.58
epoch=6 step=174100 scheduled_removal=47/47 loss=0.032897 steps_per_second=20.57
epoch=6 step=174200 scheduled_removal=47/47 loss=0.035541 steps_per_second=20.62
epoch=6 step=174300 scheduled_removal=47/47 loss=0.044293 steps_per_second=20.46
epoch=6 step=174400 scheduled_removal=47/47 loss=0.039775 steps_per_second=20.45
epoch=6 step=174500 scheduled_removal=47/47 loss=0.033057 steps_per_second=20.46
epoch=6 step=174600 scheduled_removal=47/47 loss=0.037208 steps_per_second=20.51
epoch=6 step=174700 scheduled_removal=47/47 loss=0.028861 steps_per_second=20.41
epoch=6 step=174800 scheduled_removal=47/47 loss=0.038105 steps_per_second=20.39
epoch=6 step=174900 scheduled_removal=47/47 loss=0.040097 steps_per_second=20.53
epoch=6 step=175000 scheduled_removal=47/47 loss=0.032239 steps_per_second=20.46
epoch=6 step=175100 scheduled_removal=47/47 loss=0.029478 steps_per_second=20.50
epoch=6 step=175200 scheduled_removal=47/47 loss=0.036402 steps_per_second=20.61
epoch=6 step=175300 scheduled_removal=47/47 loss=0.035560 steps_per_second=20.53
epoch=6 step=175400 scheduled_removal=47/47 loss=0.029402 steps_per_second=20.61
epoch=6 step=175500 scheduled_removal=47/47 loss=0.034666 steps_per_second=20.43
epoch=6 step=175600 scheduled_removal=47/47 loss=0.035776 steps_per_second=20.55
epoch=6 step=175700 scheduled_removal=47/47 loss=0.033190 steps_per_second=20.67
epoch=6 step=175800 scheduled_removal=47/47 loss=0.031155 steps_per_second=20.66
epoch=6 step=175900 scheduled_removal=47/47 loss=0.029865 steps_per_second=20.71
epoch=6 step=176000 scheduled_removal=47/47 loss=0.031124 steps_per_second=20.66
epoch=6 step=176100 scheduled_removal=47/47 loss=0.035573 steps_per_second=20.67
epoch=6 step=176200 scheduled_removal=47/47 loss=0.029268 steps_per_second=20.67
epoch=6 step=176300 scheduled_removal=47/47 loss=0.037147 steps_per_second=20.67
epoch=6 step=176400 scheduled_removal=47/47 loss=0.037705 steps_per_second=20.63
epoch=6 step=176500 scheduled_removal=47/47 loss=0.037172 steps_per_second=20.73
epoch=6 step=176600 scheduled_removal=47/47 loss=0.035259 steps_per_second=20.58
epoch=6 step=176700 scheduled_removal=47/47 loss=0.036013 steps_per_second=20.67
validation epoch=6 removed=47/47: 799/1000 (79.9000%)
epoch=7 step=176800 scheduled_removal=47/47 loss=0.016504 steps_per_second=41.68
epoch=7 step=176900 scheduled_removal=47/47 loss=0.031510 steps_per_second=20.52
epoch=7 step=177000 scheduled_removal=47/47 loss=0.029738 steps_per_second=20.47
epoch=7 step=177100 scheduled_removal=47/47 loss=0.029541 steps_per_second=20.54
epoch=7 step=177200 scheduled_removal=47/47 loss=0.032554 steps_per_second=20.66
epoch=7 step=177300 scheduled_removal=47/47 loss=0.031640 steps_per_second=20.65
epoch=7 step=177400 scheduled_removal=47/47 loss=0.036686 steps_per_second=20.63
epoch=7 step=177500 scheduled_removal=47/47 loss=0.027240 steps_per_second=20.64
epoch=7 step=177600 scheduled_removal=47/47 loss=0.030603 steps_per_second=20.62
epoch=7 step=177700 scheduled_removal=47/47 loss=0.035229 steps_per_second=20.68
epoch=7 step=177800 scheduled_removal=47/47 loss=0.034049 steps_per_second=20.61
epoch=7 step=177900 scheduled_removal=47/47 loss=0.031228 steps_per_second=20.62
epoch=7 step=178000 scheduled_removal=47/47 loss=0.038599 steps_per_second=20.64
epoch=7 step=178100 scheduled_removal=47/47 loss=0.032147 steps_per_second=20.63
epoch=7 step=178200 scheduled_removal=47/47 loss=0.029992 steps_per_second=20.58
epoch=7 step=178300 scheduled_removal=47/47 loss=0.031158 steps_per_second=20.60
epoch=7 step=178400 scheduled_removal=47/47 loss=0.033728 steps_per_second=20.61
epoch=7 step=178500 scheduled_removal=47/47 loss=0.029289 steps_per_second=20.68
epoch=7 step=178600 scheduled_removal=47/47 loss=0.030220 steps_per_second=20.66
epoch=7 step=178700 scheduled_removal=47/47 loss=0.030727 steps_per_second=20.61
epoch=7 step=178800 scheduled_removal=47/47 loss=0.031126 steps_per_second=20.54
epoch=7 step=178900 scheduled_removal=47/47 loss=0.031397 steps_per_second=20.60
epoch=7 step=179000 scheduled_removal=47/47 loss=0.030868 steps_per_second=20.61
epoch=7 step=179100 scheduled_removal=47/47 loss=0.032171 steps_per_second=20.68
epoch=7 step=179200 scheduled_removal=47/47 loss=0.031505 steps_per_second=20.73
epoch=7 step=179300 scheduled_removal=47/47 loss=0.038056 steps_per_second=20.66
epoch=7 step=179400 scheduled_removal=47/47 loss=0.032192 steps_per_second=20.57
epoch=7 step=179500 scheduled_removal=47/47 loss=0.030306 steps_per_second=20.61
epoch=7 step=179600 scheduled_removal=47/47 loss=0.025866 steps_per_second=20.58
epoch=7 step=179700 scheduled_removal=47/47 loss=0.030154 steps_per_second=20.60
epoch=7 step=179800 scheduled_removal=47/47 loss=0.028777 steps_per_second=20.70
epoch=7 step=179900 scheduled_removal=47/47 loss=0.033207 steps_per_second=20.66
epoch=7 step=180000 scheduled_removal=47/47 loss=0.028000 steps_per_second=20.63
epoch=7 step=180100 scheduled_removal=47/47 loss=0.034163 steps_per_second=20.62
epoch=7 step=180200 scheduled_removal=47/47 loss=0.030332 steps_per_second=20.60
epoch=7 step=180300 scheduled_removal=47/47 loss=0.029382 steps_per_second=20.62
epoch=7 step=180400 scheduled_removal=47/47 loss=0.029341 steps_per_second=20.70
epoch=7 step=180500 scheduled_removal=47/47 loss=0.027565 steps_per_second=20.60
epoch=7 step=180600 scheduled_removal=47/47 loss=0.027808 steps_per_second=20.71
epoch=7 step=180700 scheduled_removal=47/47 loss=0.033579 steps_per_second=20.72
epoch=7 step=180800 scheduled_removal=47/47 loss=0.034318 steps_per_second=20.73
epoch=7 step=180900 scheduled_removal=47/47 loss=0.033480 steps_per_second=20.67
epoch=7 step=181000 scheduled_removal=47/47 loss=0.035124 steps_per_second=20.58
epoch=7 step=181100 scheduled_removal=47/47 loss=0.024037 steps_per_second=20.54
epoch=7 step=181200 scheduled_removal=47/47 loss=0.028337 steps_per_second=20.58
epoch=7 step=181300 scheduled_removal=47/47 loss=0.028173 steps_per_second=20.58
epoch=7 step=181400 scheduled_removal=47/47 loss=0.029607 steps_per_second=20.63
epoch=7 step=181500 scheduled_removal=47/47 loss=0.033306 steps_per_second=20.59
epoch=7 step=181600 scheduled_removal=47/47 loss=0.026554 steps_per_second=20.53
epoch=7 step=181700 scheduled_removal=47/47 loss=0.028509 steps_per_second=20.59
epoch=7 step=181800 scheduled_removal=47/47 loss=0.031260 steps_per_second=20.57
epoch=7 step=181900 scheduled_removal=47/47 loss=0.028063 steps_per_second=20.58
epoch=7 step=182000 scheduled_removal=47/47 loss=0.027876 steps_per_second=20.53
epoch=7 step=182100 scheduled_removal=47/47 loss=0.031731 steps_per_second=20.59
epoch=7 step=182200 scheduled_removal=47/47 loss=0.029689 steps_per_second=20.58
epoch=7 step=182300 scheduled_removal=47/47 loss=0.026989 steps_per_second=20.62
epoch=7 step=182400 scheduled_removal=47/47 loss=0.027901 steps_per_second=20.61
epoch=7 step=182500 scheduled_removal=47/47 loss=0.025727 steps_per_second=20.61
epoch=7 step=182600 scheduled_removal=47/47 loss=0.029633 steps_per_second=20.62
epoch=7 step=182700 scheduled_removal=47/47 loss=0.025415 steps_per_second=20.62
epoch=7 step=182800 scheduled_removal=47/47 loss=0.028689 steps_per_second=20.57
epoch=7 step=182900 scheduled_removal=47/47 loss=0.027573 steps_per_second=20.52
epoch=7 step=183000 scheduled_removal=47/47 loss=0.026502 steps_per_second=20.57
epoch=7 step=183100 scheduled_removal=47/47 loss=0.029431 steps_per_second=20.60
epoch=7 step=183200 scheduled_removal=47/47 loss=0.030130 steps_per_second=20.52
epoch=7 step=183300 scheduled_removal=47/47 loss=0.036401 steps_per_second=20.59
epoch=7 step=183400 scheduled_removal=47/47 loss=0.030279 steps_per_second=20.63
epoch=7 step=183500 scheduled_removal=47/47 loss=0.030708 steps_per_second=20.60
epoch=7 step=183600 scheduled_removal=47/47 loss=0.028005 steps_per_second=20.55
epoch=7 step=183700 scheduled_removal=47/47 loss=0.030701 steps_per_second=20.50
epoch=7 step=183800 scheduled_removal=47/47 loss=0.025975 steps_per_second=20.56
epoch=7 step=183900 scheduled_removal=47/47 loss=0.027785 steps_per_second=20.56
epoch=7 step=184000 scheduled_removal=47/47 loss=0.025909 steps_per_second=20.62
epoch=7 step=184100 scheduled_removal=47/47 loss=0.029277 steps_per_second=20.62
epoch=7 step=184200 scheduled_removal=47/47 loss=0.029203 steps_per_second=20.67
epoch=7 step=184300 scheduled_removal=47/47 loss=0.024106 steps_per_second=20.68
epoch=7 step=184400 scheduled_removal=47/47 loss=0.028267 steps_per_second=20.67
epoch=7 step=184500 scheduled_removal=47/47 loss=0.026490 steps_per_second=20.64
epoch=7 step=184600 scheduled_removal=47/47 loss=0.028223 steps_per_second=20.59
epoch=7 step=184700 scheduled_removal=47/47 loss=0.032761 steps_per_second=20.66
epoch=7 step=184800 scheduled_removal=47/47 loss=0.026620 steps_per_second=20.61
epoch=7 step=184900 scheduled_removal=47/47 loss=0.026839 steps_per_second=20.71
epoch=7 step=185000 scheduled_removal=47/47 loss=0.025381 steps_per_second=20.57
epoch=7 step=185100 scheduled_removal=47/47 loss=0.027479 steps_per_second=20.72
epoch=7 step=185200 scheduled_removal=47/47 loss=0.024881 steps_per_second=20.61
epoch=7 step=185300 scheduled_removal=47/47 loss=0.027455 steps_per_second=20.75
epoch=7 step=185400 scheduled_removal=47/47 loss=0.030276 steps_per_second=20.72
epoch=7 step=185500 scheduled_removal=47/47 loss=0.034519 steps_per_second=20.80
epoch=7 step=185600 scheduled_removal=47/47 loss=0.029651 steps_per_second=20.67
epoch=7 step=185700 scheduled_removal=47/47 loss=0.029773 steps_per_second=20.70
epoch=7 step=185800 scheduled_removal=47/47 loss=0.022571 steps_per_second=20.71
epoch=7 step=185900 scheduled_removal=47/47 loss=0.028076 steps_per_second=20.63
epoch=7 step=186000 scheduled_removal=47/47 loss=0.024504 steps_per_second=20.61
epoch=7 step=186100 scheduled_removal=47/47 loss=0.029512 steps_per_second=20.59
epoch=7 step=186200 scheduled_removal=47/47 loss=0.027219 steps_per_second=20.67
epoch=7 step=186300 scheduled_removal=47/47 loss=0.029988 steps_per_second=20.66
epoch=7 step=186400 scheduled_removal=47/47 loss=0.026315 steps_per_second=20.66
epoch=7 step=186500 scheduled_removal=47/47 loss=0.029815 steps_per_second=20.65
epoch=7 step=186600 scheduled_removal=47/47 loss=0.027117 steps_per_second=20.68
epoch=7 step=186700 scheduled_removal=47/47 loss=0.025264 steps_per_second=20.62
epoch=7 step=186800 scheduled_removal=47/47 loss=0.029246 steps_per_second=20.64
epoch=7 step=186900 scheduled_removal=47/47 loss=0.026633 steps_per_second=20.62
epoch=7 step=187000 scheduled_removal=47/47 loss=0.025902 steps_per_second=20.65
epoch=7 step=187100 scheduled_removal=47/47 loss=0.024778 steps_per_second=20.61
epoch=7 step=187200 scheduled_removal=47/47 loss=0.029308 steps_per_second=20.67
epoch=7 step=187300 scheduled_removal=47/47 loss=0.027233 steps_per_second=20.69
epoch=7 step=187400 scheduled_removal=47/47 loss=0.025657 steps_per_second=20.65
epoch=7 step=187500 scheduled_removal=47/47 loss=0.026740 steps_per_second=20.64
epoch=7 step=187600 scheduled_removal=47/47 loss=0.025075 steps_per_second=20.62
epoch=7 step=187700 scheduled_removal=47/47 loss=0.024625 steps_per_second=20.60
epoch=7 step=187800 scheduled_removal=47/47 loss=0.025361 steps_per_second=20.62
epoch=7 step=187900 scheduled_removal=47/47 loss=0.025847 steps_per_second=20.57
epoch=7 step=188000 scheduled_removal=47/47 loss=0.025845 steps_per_second=20.62
epoch=7 step=188100 scheduled_removal=47/47 loss=0.025867 steps_per_second=20.59
epoch=7 step=188200 scheduled_removal=47/47 loss=0.028426 steps_per_second=20.58
epoch=7 step=188300 scheduled_removal=47/47 loss=0.025916 steps_per_second=20.66
epoch=7 step=188400 scheduled_removal=47/47 loss=0.026804 steps_per_second=20.67
epoch=7 step=188500 scheduled_removal=47/47 loss=0.023250 steps_per_second=20.66
epoch=7 step=188600 scheduled_removal=47/47 loss=0.028295 steps_per_second=20.60
epoch=7 step=188700 scheduled_removal=47/47 loss=0.026975 steps_per_second=20.66
epoch=7 step=188800 scheduled_removal=47/47 loss=0.025373 steps_per_second=20.68
epoch=7 step=188900 scheduled_removal=47/47 loss=0.023857 steps_per_second=20.60
epoch=7 step=189000 scheduled_removal=47/47 loss=0.024274 steps_per_second=20.66
epoch=7 step=189100 scheduled_removal=47/47 loss=0.035308 steps_per_second=20.60
epoch=7 step=189200 scheduled_removal=47/47 loss=0.032546 steps_per_second=20.62
epoch=7 step=189300 scheduled_removal=47/47 loss=0.024749 steps_per_second=20.75
epoch=7 step=189400 scheduled_removal=47/47 loss=0.022969 steps_per_second=20.57
epoch=7 step=189500 scheduled_removal=47/47 loss=0.025850 steps_per_second=20.63
epoch=7 step=189600 scheduled_removal=47/47 loss=0.024684 steps_per_second=20.72
epoch=7 step=189700 scheduled_removal=47/47 loss=0.021302 steps_per_second=20.62
epoch=7 step=189800 scheduled_removal=47/47 loss=0.024248 steps_per_second=20.71
epoch=7 step=189900 scheduled_removal=47/47 loss=0.025629 steps_per_second=20.65
epoch=7 step=190000 scheduled_removal=47/47 loss=0.024762 steps_per_second=20.69
epoch=7 step=190100 scheduled_removal=47/47 loss=0.028817 steps_per_second=20.73
epoch=7 step=190200 scheduled_removal=47/47 loss=0.025260 steps_per_second=20.62
epoch=7 step=190300 scheduled_removal=47/47 loss=0.028333 steps_per_second=20.68
epoch=7 step=190400 scheduled_removal=47/47 loss=0.029185 steps_per_second=20.66
epoch=7 step=190500 scheduled_removal=47/47 loss=0.026382 steps_per_second=20.61
epoch=7 step=190600 scheduled_removal=47/47 loss=0.022449 steps_per_second=20.63
epoch=7 step=190700 scheduled_removal=47/47 loss=0.026286 steps_per_second=20.74
epoch=7 step=190800 scheduled_removal=47/47 loss=0.023734 steps_per_second=20.61
epoch=7 step=190900 scheduled_removal=47/47 loss=0.026888 steps_per_second=20.68
epoch=7 step=191000 scheduled_removal=47/47 loss=0.023105 steps_per_second=20.65
epoch=7 step=191100 scheduled_removal=47/47 loss=0.021251 steps_per_second=20.64
epoch=7 step=191200 scheduled_removal=47/47 loss=0.025163 steps_per_second=20.62
epoch=7 step=191300 scheduled_removal=47/47 loss=0.028612 steps_per_second=20.68
epoch=7 step=191400 scheduled_removal=47/47 loss=0.025089 steps_per_second=20.66
epoch=7 step=191500 scheduled_removal=47/47 loss=0.023571 steps_per_second=20.65
epoch=7 step=191600 scheduled_removal=47/47 loss=0.026547 steps_per_second=20.64
epoch=7 step=191700 scheduled_removal=47/47 loss=0.022712 steps_per_second=20.64
epoch=7 step=191800 scheduled_removal=47/47 loss=0.023110 steps_per_second=20.62
epoch=7 step=191900 scheduled_removal=47/47 loss=0.026331 steps_per_second=20.61
epoch=7 step=192000 scheduled_removal=47/47 loss=0.022041 steps_per_second=20.69
epoch=7 step=192100 scheduled_removal=47/47 loss=0.026328 steps_per_second=20.74
epoch=7 step=192200 scheduled_removal=47/47 loss=0.025489 steps_per_second=20.74
epoch=7 step=192300 scheduled_removal=47/47 loss=0.021961 steps_per_second=20.63
epoch=7 step=192400 scheduled_removal=47/47 loss=0.022346 steps_per_second=20.67
epoch=7 step=192500 scheduled_removal=47/47 loss=0.027626 steps_per_second=20.70
epoch=7 step=192600 scheduled_removal=47/47 loss=0.020210 steps_per_second=20.70
epoch=7 step=192700 scheduled_removal=47/47 loss=0.021561 steps_per_second=20.76
epoch=7 step=192800 scheduled_removal=47/47 loss=0.027253 steps_per_second=20.73
epoch=7 step=192900 scheduled_removal=47/47 loss=0.026744 steps_per_second=20.73
epoch=7 step=193000 scheduled_removal=47/47 loss=0.025156 steps_per_second=20.70
epoch=7 step=193100 scheduled_removal=47/47 loss=0.023324 steps_per_second=20.71
epoch=7 step=193200 scheduled_removal=47/47 loss=0.024803 steps_per_second=20.58
epoch=7 step=193300 scheduled_removal=47/47 loss=0.026480 steps_per_second=20.62
epoch=7 step=193400 scheduled_removal=47/47 loss=0.024852 steps_per_second=20.64
epoch=7 step=193500 scheduled_removal=47/47 loss=0.022414 steps_per_second=20.70
epoch=7 step=193600 scheduled_removal=47/47 loss=0.018760 steps_per_second=20.73
epoch=7 step=193700 scheduled_removal=47/47 loss=0.026897 steps_per_second=20.71
epoch=7 step=193800 scheduled_removal=47/47 loss=0.024355 steps_per_second=20.68
epoch=7 step=193900 scheduled_removal=47/47 loss=0.023669 steps_per_second=20.73
epoch=7 step=194000 scheduled_removal=47/47 loss=0.020696 steps_per_second=20.66
epoch=7 step=194100 scheduled_removal=47/47 loss=0.024108 steps_per_second=20.71
epoch=7 step=194200 scheduled_removal=47/47 loss=0.021865 steps_per_second=20.68
epoch=7 step=194300 scheduled_removal=47/47 loss=0.023050 steps_per_second=20.71
epoch=7 step=194400 scheduled_removal=47/47 loss=0.022015 steps_per_second=20.62
epoch=7 step=194500 scheduled_removal=47/47 loss=0.024529 steps_per_second=20.65
epoch=7 step=194600 scheduled_removal=47/47 loss=0.024140 steps_per_second=20.64
epoch=7 step=194700 scheduled_removal=47/47 loss=0.022518 steps_per_second=20.75
epoch=7 step=194800 scheduled_removal=47/47 loss=0.022955 steps_per_second=20.62
epoch=7 step=194900 scheduled_removal=47/47 loss=0.020176 steps_per_second=20.59
epoch=7 step=195000 scheduled_removal=47/47 loss=0.022250 steps_per_second=20.60
epoch=7 step=195100 scheduled_removal=47/47 loss=0.022459 steps_per_second=20.60
epoch=7 step=195200 scheduled_removal=47/47 loss=0.023783 steps_per_second=20.58
epoch=7 step=195300 scheduled_removal=47/47 loss=0.023730 steps_per_second=20.63
epoch=7 step=195400 scheduled_removal=47/47 loss=0.023062 steps_per_second=20.60
epoch=7 step=195500 scheduled_removal=47/47 loss=0.022389 steps_per_second=20.63
epoch=7 step=195600 scheduled_removal=47/47 loss=0.028849 steps_per_second=20.69
epoch=7 step=195700 scheduled_removal=47/47 loss=0.021329 steps_per_second=20.60
epoch=7 step=195800 scheduled_removal=47/47 loss=0.020942 steps_per_second=20.59
epoch=7 step=195900 scheduled_removal=47/47 loss=0.028055 steps_per_second=20.64
epoch=7 step=196000 scheduled_removal=47/47 loss=0.026366 steps_per_second=20.70
epoch=7 step=196100 scheduled_removal=47/47 loss=0.024238 steps_per_second=20.69
epoch=7 step=196200 scheduled_removal=47/47 loss=0.019396 steps_per_second=20.66
epoch=7 step=196300 scheduled_removal=47/47 loss=0.022276 steps_per_second=20.68
epoch=7 step=196400 scheduled_removal=47/47 loss=0.022295 steps_per_second=20.56
epoch=7 step=196500 scheduled_removal=47/47 loss=0.023443 steps_per_second=20.70
epoch=7 step=196600 scheduled_removal=47/47 loss=0.019985 steps_per_second=20.58
epoch=7 step=196700 scheduled_removal=47/47 loss=0.025687 steps_per_second=20.61
epoch=7 step=196800 scheduled_removal=47/47 loss=0.024796 steps_per_second=20.63
epoch=7 step=196900 scheduled_removal=47/47 loss=0.023317 steps_per_second=20.68
epoch=7 step=197000 scheduled_removal=47/47 loss=0.021204 steps_per_second=20.63
epoch=7 step=197100 scheduled_removal=47/47 loss=0.023038 steps_per_second=20.68
epoch=7 step=197200 scheduled_removal=47/47 loss=0.021940 steps_per_second=20.69
epoch=7 step=197300 scheduled_removal=47/47 loss=0.020065 steps_per_second=20.68
epoch=7 step=197400 scheduled_removal=47/47 loss=0.019140 steps_per_second=20.65
epoch=7 step=197500 scheduled_removal=47/47 loss=0.021099 steps_per_second=20.62
epoch=7 step=197600 scheduled_removal=47/47 loss=0.023613 steps_per_second=20.68
epoch=7 step=197700 scheduled_removal=47/47 loss=0.021411 steps_per_second=20.67
epoch=7 step=197800 scheduled_removal=47/47 loss=0.019210 steps_per_second=20.65
epoch=7 step=197900 scheduled_removal=47/47 loss=0.021900 steps_per_second=20.61
epoch=7 step=198000 scheduled_removal=47/47 loss=0.021194 steps_per_second=20.66
epoch=7 step=198100 scheduled_removal=47/47 loss=0.022215 steps_per_second=20.64
epoch=7 step=198200 scheduled_removal=47/47 loss=0.021472 steps_per_second=20.65
epoch=7 step=198300 scheduled_removal=47/47 loss=0.026607 steps_per_second=20.66
epoch=7 step=198400 scheduled_removal=47/47 loss=0.020822 steps_per_second=20.62
epoch=7 step=198500 scheduled_removal=47/47 loss=0.021031 steps_per_second=20.59
epoch=7 step=198600 scheduled_removal=47/47 loss=0.021753 steps_per_second=20.60
epoch=7 step=198700 scheduled_removal=47/47 loss=0.021683 steps_per_second=20.68
epoch=7 step=198800 scheduled_removal=47/47 loss=0.024480 steps_per_second=20.59
epoch=7 step=198900 scheduled_removal=47/47 loss=0.024319 steps_per_second=20.62
epoch=7 step=199000 scheduled_removal=47/47 loss=0.026591 steps_per_second=20.65
epoch=7 step=199100 scheduled_removal=47/47 loss=0.022310 steps_per_second=20.67
epoch=7 step=199200 scheduled_removal=47/47 loss=0.021039 steps_per_second=20.58
epoch=7 step=199300 scheduled_removal=47/47 loss=0.021756 steps_per_second=20.64
epoch=7 step=199400 scheduled_removal=47/47 loss=0.021566 steps_per_second=20.67
epoch=7 step=199500 scheduled_removal=47/47 loss=0.024214 steps_per_second=20.72
epoch=7 step=199600 scheduled_removal=47/47 loss=0.019471 steps_per_second=20.62
epoch=7 step=199700 scheduled_removal=47/47 loss=0.021638 steps_per_second=20.65
epoch=7 step=199800 scheduled_removal=47/47 loss=0.017761 steps_per_second=20.76
epoch=7 step=199900 scheduled_removal=47/47 loss=0.019391 steps_per_second=20.68
epoch=7 step=200000 scheduled_removal=47/47 loss=0.022993 steps_per_second=20.74
epoch=7 step=200100 scheduled_removal=47/47 loss=0.021253 steps_per_second=20.64
epoch=7 step=200200 scheduled_removal=47/47 loss=0.022868 steps_per_second=20.70
epoch=7 step=200300 scheduled_removal=47/47 loss=0.027766 steps_per_second=20.76
epoch=7 step=200400 scheduled_removal=47/47 loss=0.023354 steps_per_second=20.73
epoch=7 step=200500 scheduled_removal=47/47 loss=0.020911 steps_per_second=20.75
epoch=7 step=200600 scheduled_removal=47/47 loss=0.021806 steps_per_second=20.79
epoch=7 step=200700 scheduled_removal=47/47 loss=0.020169 steps_per_second=20.66
epoch=7 step=200800 scheduled_removal=47/47 loss=0.023809 steps_per_second=20.67
epoch=7 step=200900 scheduled_removal=47/47 loss=0.020865 steps_per_second=20.70
epoch=7 step=201000 scheduled_removal=47/47 loss=0.017679 steps_per_second=20.71
epoch=7 step=201100 scheduled_removal=47/47 loss=0.022877 steps_per_second=20.61
epoch=7 step=201200 scheduled_removal=47/47 loss=0.019604 steps_per_second=20.66
epoch=7 step=201300 scheduled_removal=47/47 loss=0.020006 steps_per_second=20.68
epoch=7 step=201400 scheduled_removal=47/47 loss=0.019884 steps_per_second=20.69
epoch=7 step=201500 scheduled_removal=47/47 loss=0.018269 steps_per_second=20.71
epoch=7 step=201600 scheduled_removal=47/47 loss=0.023181 steps_per_second=20.67
epoch=7 step=201700 scheduled_removal=47/47 loss=0.023331 steps_per_second=20.67
epoch=7 step=201800 scheduled_removal=47/47 loss=0.020708 steps_per_second=20.69
epoch=7 step=201900 scheduled_removal=47/47 loss=0.021973 steps_per_second=20.65
epoch=7 step=202000 scheduled_removal=47/47 loss=0.023560 steps_per_second=20.63
validation epoch=7 removed=47/47: 923/1000 (92.3000%)
test removed=47/47: 923/1000 (92.3000%)
